"Longitude (x)","Latitude (y)","Station Name","Climate ID","Date/Time (UTC)","Year","Month","Day","Time (UTC)","Temp (°C)","Temp Flag","Dew Point Temp (°C)","Dew Point Temp Flag","Rel Hum (%)","Rel Hum Flag","Precip. Amount (mm)","Precip. Amount Flag","Wind Dir (10s deg)","Wind Dir Flag","Wind Spd (km/h)","Wind Spd Flag","Visibility (km)","Visibility Flag","Stn Press (kPa)","Stn Press Flag","Hmdx","Hmdx Flag","Wind Chill","Wind Chill Flag","Weather"
"-79.22","43.25","PORT WELLER (AUT)","6136699","2017-08-01 00:00","2017","08","01","00:00","23.9","","19.3","","76","","0.0","","36","","6","","","","100.80","","31","","","","NA"
"-79.22","43.25","PORT WELLER (AUT)","6136699","2017-08-01 01:00","2017","08","01","01:00","23.2","","19.1","","78","","0.0","","36","","4","","","","100.82","","30","","","","NA"
"-79.22","43.25","PORT WELLER (AUT)","6136699","2017-08-01 02:00","2017","08","01","02:00","22.8","","19.9","","84","","0.0","","36","","8","","","","100.86","","30","","","","NA"
"-79.22","43.25","PORT WELLER (AUT)","6136699","2017-08-01 03:00","2017","08","01","03:00","22.3","","19.5","","84","","0.0","","36","","5","","","","100.85","","29","","","","NA"
"-79.22","43.25","PORT WELLER (AUT)","6136699","2017-08-01 04:00","2017","08","01","04:00","21.8","","19.9","","89","","0.0","","","","0","","","","100.83","","29","","","","NA"
"-79.22","43.25","PORT WELLER (AUT)","6136699","2017-08-01 05:00","2017","08","01","05:00","21.8","","20.2","","91","","0.0","","","","0","","","","100.86","","30","","","","NA"
"-79.22","43.25","PORT WELLER (AUT)","6136699","2017-08-01 06:00","2017","08","01","06:00","21.6","","20.0","","91","","0.0","","36","","9","","","","100.85","","29","","","","NA"
"-79.22","43.25","PORT WELLER (AUT)","6136699","2017-08-01 07:00","2017","08","01","07:00","21.7","","19.6","","88","","0.0","","36","","9","","","","100.84","","29","","","","NA"
"-79.22","43.25","PORT WELLER (AUT)","6136699","2017-08-01 08:00","2017","08","01","08:00","21.4","","19.5","","89","","0.0","","36","","10","","","","100.82","","29","","","","NA"
"-79.22","43.25","PORT WELLER (AUT)","6136699","2017-08-01 09:00","2017","08","01","09:00","21.0","","19.2","","89","","0.0","","36","","11","","","","100.82","","28","","","","NA"
"-79.22","43.25","PORT WELLER (AUT)","6136699","2017-08-01 10:00","2017","08","01","10:00","21.1","","19.2","","89","","0.0","","36","","11","","","","100.84","","28","","","","NA"
"-79.22","43.25","PORT WELLER (AUT)","6136699","2017-08-01 11:00","2017","08","01","11:00","21.7","","19.3","","86","","0.0","","","","0","","","","100.88","","29","","","","NA"
"-79.22","43.25","PORT WELLER (AUT)","6136699","2017-08-01 12:00","2017","08","01","12:00","22.0","","18.6","","81","","0.0","","36","","4","","","","100.90","","28","","","","NA"
"-79.22","43.25","PORT WELLER (AUT)","6136699","2017-08-01 13:00","2017","08","01","13:00","23.5","","18.9","","76","","0.0","","","","0","","","","100.91","","30","","","","NA"
"-79.22","43.25","PORT WELLER (AUT)","6136699","2017-08-01 14:00","2017","08","01","14:00","24.7","","19.3","","72","","0.0","","1","","9","","","","100.90","","32","","","","NA"
"-79.22","43.25","PORT WELLER (AUT)","6136699","2017-08-01 15:00","2017","08","01","15:00","24.3","","19.4","","74","","0.0","","1","","7","","","","100.91","","31","","","","NA"
"-79.22","43.25","PORT WELLER (AUT)","6136699","2017-08-01 16:00","2017","08","01","16:00","24.7","","19.5","","73","","0.0","","1","","8","","","","100.88","","32","","","","NA"
"-79.22","43.25","PORT WELLER (AUT)","6136699","2017-08-01 17:00","2017","08","01","17:00","24.5","","19.5","","74","","0.0","","36","","6","","","","100.86","","32","","","","NA"
"-79.22","43.25","PORT WELLER (AUT)","6136699","2017-08-01 18:00","2017","08","01","18:00","25.3","","19.8","","72","","0.0","","36","","5","","","","100.80","","33","","","","NA"
"-79.22","43.25","PORT WELLER (AUT)","6136699","2017-08-01 19:00","2017","08","01","19:00","26.9","","20.7","","69","","0.0","","36","","4","","","","100.74","","35","","","","NA"
"-79.22","43.25","PORT WELLER (AUT)","6136699","2017-08-01 20:00","2017","08","01","20:00","25.3","","18.9","","67","","0.0","","1","","13","","","","100.83","","32","","","","NA"
"-79.22","43.25","PORT WELLER (AUT)","6136699","2017-08-01 21:00","2017","08","01","21:00","22.1","","18.3","","79","","0.2","","19","","14","","","","100.69","","28","","","","NA"
"-79.22","43.25","PORT WELLER (AUT)","6136699","2017-08-01 22:00","2017","08","01","22:00","23.3","","19.0","","77","","0.7","","36","","4","","","","100.64","","30","","","","NA"
"-79.22","43.25","PORT WELLER (AUT)","6136699","2017-08-01 23:00","2017","08","01","23:00","24.3","","19.9","","76","","0.0","","36","","5","","","","100.66","","32","","","","NA"
"-79.22","43.25","PORT WELLER (AUT)","6136699","2017-08-02 00:00","2017","08","02","00:00","24.4","","19.8","","75","","0.0","","36","","9","","","","100.67","","32","","","","NA"
"-79.22","43.25","PORT WELLER (AUT)","6136699","2017-08-02 01:00","2017","08","02","01:00","22.7","","19.8","","83","","0.0","","36","","5","","","","100.70","","30","","","","NA"
"-79.22","43.25","PORT WELLER (AUT)","6136699","2017-08-02 02:00","2017","08","02","02:00","23.2","","19.7","","81","","0.0","","36","","10","","","","100.69","","31","","","","NA"
"-79.22","43.25","PORT WELLER (AUT)","6136699","2017-08-02 03:00","2017","08","02","03:00","22.7","","19.5","","82","","0.0","","36","","7","","","","100.72","","30","","","","NA"
"-79.22","43.25","PORT WELLER (AUT)","6136699","2017-08-02 04:00","2017","08","02","04:00","22.5","","20.2","","87","","0.0","","36","","5","","","","100.70","","30","","","","NA"
"-79.22","43.25","PORT WELLER (AUT)","6136699","2017-08-02 05:00","2017","08","02","05:00","22.2","","19.4","","84","","0.0","","36","","11","","","","100.69","","29","","","","NA"
"-79.22","43.25","PORT WELLER (AUT)","6136699","2017-08-02 06:00","2017","08","02","06:00","21.9","","18.2","","79","","0.0","","36","","9","","","","100.67","","28","","","","NA"
"-79.22","43.25","PORT WELLER (AUT)","6136699","2017-08-02 07:00","2017","08","02","07:00","21.5","","17.9","","80","","0.0","","1","","9","","","","100.65","","27","","","","NA"
"-79.22","43.25","PORT WELLER (AUT)","6136699","2017-08-02 08:00","2017","08","02","08:00","21.4","","18.9","","86","","0.0","","36","","7","","","","100.65","","28","","","","NA"
"-79.22","43.25","PORT WELLER (AUT)","6136699","2017-08-02 09:00","2017","08","02","09:00","21.2","","19.0","","87","","0.0","","36","","7","","","","100.67","","28","","","","NA"
"-79.22","43.25","PORT WELLER (AUT)","6136699","2017-08-02 10:00","2017","08","02","10:00","21.3","","18.9","","86","","0.0","","36","","8","","","","100.72","","28","","","","NA"
"-79.22","43.25","PORT WELLER (AUT)","6136699","2017-08-02 11:00","2017","08","02","11:00","22.1","","18.3","","79","","0.0","","36","","7","","","","100.74","","28","","","","NA"
"-79.22","43.25","PORT WELLER (AUT)","6136699","2017-08-02 12:00","2017","08","02","12:00","23.8","","18.1","","71","","0.0","","36","","8","","","","100.77","","30","","","","NA"
"-79.22","43.25","PORT WELLER (AUT)","6136699","2017-08-02 13:00","2017","08","02","13:00","25.1","","19.0","","69","","0.0","","36","","10","","","","100.75","","32","","","","NA"
"-79.22","43.25","PORT WELLER (AUT)","6136699","2017-08-02 14:00","2017","08","02","14:00","26.2","","19.7","","68","","0.0","","36","","9","","","","100.73","","34","","","","NA"
"-79.22","43.25","PORT WELLER (AUT)","6136699","2017-08-02 15:00","2017","08","02","15:00","26.6","","20.1","","68","","0.0","","","","0","","","","100.73","","34","","","","NA"
"-79.22","43.25","PORT WELLER (AUT)","6136699","2017-08-02 16:00","2017","08","02","16:00","27.6","","20.1","","64","","0.0","","1","","4","","","","100.73","","35","","","","NA"
"-79.22","43.25","PORT WELLER (AUT)","6136699","2017-08-02 17:00","2017","08","02","17:00","29.5","","19.7","","56","","0.0","","21","","3","","","","100.70","","37","","","","NA"
"-79.22","43.25","PORT WELLER (AUT)","6136699","2017-08-02 18:00","2017","08","02","18:00","29.4","","17.9","","50","","0.0","","21","","8","","","","100.64","","35","","","","NA"
"-79.22","43.25","PORT WELLER (AUT)","6136699","2017-08-02 19:00","2017","08","02","19:00","29.7","","16.7","","46","","0.0","","","M","","M","","","100.58","","35","","","","NA"
"-79.22","43.25","PORT WELLER (AUT)","6136699","2017-08-02 20:00","2017","08","02","20:00","28.2","","19.0","","58","","0.0","","","M","","M","","","100.54","","35","","","","NA"
"-79.22","43.25","PORT WELLER (AUT)","6136699","2017-08-02 21:00","2017","08","02","21:00","25.2","","18.6","","67","","0.0","","","M","","M","","","100.55","","32","","","","NA"
"-79.22","43.25","PORT WELLER (AUT)","6136699","2017-08-02 22:00","2017","08","02","22:00","25.9","","16.5","","56","","0.0","","","M","","M","","","100.59","","31","","","","NA"
"-79.22","43.25","PORT WELLER (AUT)","6136699","2017-08-02 23:00","2017","08","02","23:00","25.0","","19.7","","73","","0.0","","","M","","M","","","100.60","","32","","","","NA"
"-79.22","43.25","PORT WELLER (AUT)","6136699","2017-08-03 00:00","2017","08","03","00:00","23.7","","19.4","","77","","0.0","","","M","","M","","","100.65","","31","","","","NA"
"-79.22","43.25","PORT WELLER (AUT)","6136699","2017-08-03 01:00","2017","08","03","01:00","23.5","","19.5","","78","","0.0","","","M","","M","","","100.65","","31","","","","NA"
"-79.22","43.25","PORT WELLER (AUT)","6136699","2017-08-03 02:00","2017","08","03","02:00","23.0","","19.2","","79","","0.0","","","M","","M","","","100.63","","30","","","","NA"
"-79.22","43.25","PORT WELLER (AUT)","6136699","2017-08-03 03:00","2017","08","03","03:00","23.2","","19.4","","79","","0.0","","","M","","M","","","100.68","","30","","","","NA"
"-79.22","43.25","PORT WELLER (AUT)","6136699","2017-08-03 04:00","2017","08","03","04:00","23.1","","19.3","","79","","0.0","","","M","","M","","","100.71","","30","","","","NA"
"-79.22","43.25","PORT WELLER (AUT)","6136699","2017-08-03 05:00","2017","08","03","05:00","22.8","","19.1","","80","","0.0","","","M","","M","","","100.75","","30","","","","NA"
"-79.22","43.25","PORT WELLER (AUT)","6136699","2017-08-03 06:00","2017","08","03","06:00","22.4","","18.7","","80","","0.0","","","M","","M","","","100.75","","29","","","","NA"
"-79.22","43.25","PORT WELLER (AUT)","6136699","2017-08-03 07:00","2017","08","03","07:00","22.2","","18.3","","78","","0.0","","","M","","M","","","100.74","","28","","","","NA"
"-79.22","43.25","PORT WELLER (AUT)","6136699","2017-08-03 08:00","2017","08","03","08:00","21.8","","19.0","","84","","0.0","","","M","","M","","","100.72","","29","","","","NA"
"-79.22","43.25","PORT WELLER (AUT)","6136699","2017-08-03 09:00","2017","08","03","09:00","21.2","","18.9","","87","","0.0","","","M","","M","","","100.72","","28","","","","NA"
"-79.22","43.25","PORT WELLER (AUT)","6136699","2017-08-03 10:00","2017","08","03","10:00","21.3","","18.7","","85","","0.0","","","M","","M","","","100.77","","28","","","","NA"
"-79.22","43.25","PORT WELLER (AUT)","6136699","2017-08-03 11:00","2017","08","03","11:00","21.8","","18.9","","84","","0.0","","","M","","M","","","100.81","","28","","","","NA"
"-79.22","43.25","PORT WELLER (AUT)","6136699","2017-08-03 12:00","2017","08","03","12:00","23.1","","18.6","","76","","0.0","","","M","","M","","","100.84","","30","","","","NA"
"-79.22","43.25","PORT WELLER (AUT)","6136699","2017-08-03 13:00","2017","08","03","13:00","23.9","","19.3","","75","","0.0","","","M","","M","","","100.86","","31","","","","NA"
"-79.22","43.25","PORT WELLER (AUT)","6136699","2017-08-03 14:00","2017","08","03","14:00","25.0","","19.4","","71","","0.0","","","M","","M","","","100.87","","32","","","","NA"
"-79.22","43.25","PORT WELLER (AUT)","6136699","2017-08-03 15:00","2017","08","03","15:00","25.2","","20.1","","73","","0.0","","","M","","M","","","100.86","","33","","","","NA"
"-79.22","43.25","PORT WELLER (AUT)","6136699","2017-08-03 16:00","2017","08","03","16:00","25.4","","19.6","","70","","0.0","","","M","14","","","","100.84","","33","","","","NA"
"-79.22","43.25","PORT WELLER (AUT)","6136699","2017-08-03 17:00","2017","08","03","17:00","25.1","","20.5","","75","","0.0","","","M","13","","","","100.80","","33","","","","NA"
"-79.22","43.25","PORT WELLER (AUT)","6136699","2017-08-03 18:00","2017","08","03","18:00","24.9","","20.6","","77","","0.0","","","M","12","","","","100.71","","33","","","","NA"
"-79.22","43.25","PORT WELLER (AUT)","6136699","2017-08-03 19:00","2017","08","03","19:00","24.4","","20.7","","80","","0.0","","","M","13","","","","100.65","","33","","","","NA"
"-79.22","43.25","PORT WELLER (AUT)","6136699","2017-08-03 20:00","2017","08","03","20:00","25.2","","21.2","","78","","0.0","","","M","15","","","","100.59","","34","","","","NA"
"-79.22","43.25","PORT WELLER (AUT)","6136699","2017-08-03 21:00","2017","08","03","21:00","24.3","","20.9","","81","","0.0","","","M","23","","","","100.52","","33","","","","NA"
"-79.22","43.25","PORT WELLER (AUT)","6136699","2017-08-03 22:00","2017","08","03","22:00","24.1","","20.9","","83","","0.0","","","M","28","","","","100.56","","32","","","","NA"
"-79.22","43.25","PORT WELLER (AUT)","6136699","2017-08-03 23:00","2017","08","03","23:00","24.4","","21.6","","84","","0.0","","","M","26","","","","100.53","","33","","","","NA"
"-79.22","43.25","PORT WELLER (AUT)","6136699","2017-08-04 00:00","2017","08","04","00:00","23.1","","18.2","","74","","0.0","","","M","18","","","","100.53","","29","","","","NA"
"-79.22","43.25","PORT WELLER (AUT)","6136699","2017-08-04 01:00","2017","08","04","01:00","23.5","","18.6","","74","","0.0","","","M","24","","","","100.58","","30","","","","NA"
"-79.22","43.25","PORT WELLER (AUT)","6136699","2017-08-04 02:00","2017","08","04","02:00","20.6","","17.8","","84","","1.7","","","M","22","","","","100.52","","26","","","","NA"
"-79.22","43.25","PORT WELLER (AUT)","6136699","2017-08-04 03:00","2017","08","04","03:00","21.0","","18.0","","83","","0.2","","","M","16","","","","100.44","","27","","","","NA"
"-79.22","43.25","PORT WELLER (AUT)","6136699","2017-08-04 04:00","2017","08","04","04:00","21.2","","18.3","","84","","0.0","","","M","12","","","","100.36","","27","","","","NA"
"-79.22","43.25","PORT WELLER (AUT)","6136699","2017-08-04 05:00","2017","08","04","05:00","20.0","","18.0","","89","","5.5","","","M","22","","","","100.45","","26","","","","NA"
"-79.22","43.25","PORT WELLER (AUT)","6136699","2017-08-04 06:00","2017","08","04","06:00","20.4","","18.7","","90","","3.8","","","M","12","","","","100.35","","27","","","","NA"
"-79.22","43.25","PORT WELLER (AUT)","6136699","2017-08-04 07:00","2017","08","04","07:00","20.4","","18.6","","89","","2.8","","","M","14","","","","100.31","","27","","","","NA"
"-79.22","43.25","PORT WELLER (AUT)","6136699","2017-08-04 08:00","2017","08","04","08:00","20.8","","18.4","","86","","0.3","","","M","14","","","","100.28","","27","","","","NA"
"-79.22","43.25","PORT WELLER (AUT)","6136699","2017-08-04 09:00","2017","08","04","09:00","20.8","","18.7","","88","","0.0","","","M","16","","","","100.25","","27","","","","NA"
"-79.22","43.25","PORT WELLER (AUT)","6136699","2017-08-04 10:00","2017","08","04","10:00","21.4","","19.1","","87","","0.0","","","M","19","","","","100.19","","28","","","","NA"
"-79.22","43.25","PORT WELLER (AUT)","6136699","2017-08-04 11:00","2017","08","04","11:00","21.8","","18.5","","82","","0.0","","","M","20","","","","100.11","","28","","","","NA"
"-79.22","43.25","PORT WELLER (AUT)","6136699","2017-08-04 12:00","2017","08","04","12:00","22.4","","18.9","","81","","0.0","","","M","18","","","","100.14","","29","","","","NA"
"-79.22","43.25","PORT WELLER (AUT)","6136699","2017-08-04 13:00","2017","08","04","13:00","22.9","","19.9","","83","","0.0","","","M","17","","","","100.10","","30","","","","NA"
"-79.22","43.25","PORT WELLER (AUT)","6136699","2017-08-04 14:00","2017","08","04","14:00","25.5","","20.0","","72","","0.0","","","M","21","","","","100.09","","33","","","","NA"
"-79.22","43.25","PORT WELLER (AUT)","6136699","2017-08-04 15:00","2017","08","04","15:00","26.1","","19.9","","69","","0.0","","","M","21","","","","100.08","","34","","","","NA"
"-79.22","43.25","PORT WELLER (AUT)","6136699","2017-08-04 16:00","2017","08","04","16:00","26.3","","19.7","","67","","0.0","","","M","18","","","","100.01","","34","","","","NA"
"-79.22","43.25","PORT WELLER (AUT)","6136699","2017-08-04 17:00","2017","08","04","17:00","25.6","","17.8","","62","","0.0","","","M","21","","","","99.96","","31","","","","NA"
"-79.22","43.25","PORT WELLER (AUT)","6136699","2017-08-04 18:00","2017","08","04","18:00","24.5","","17.5","","65","","0.0","","","M","18","","","","99.89","","30","","","","NA"
"-79.22","43.25","PORT WELLER (AUT)","6136699","2017-08-04 19:00","2017","08","04","19:00","22.0","","19.3","","85","","0.5","","","M","31","","","","99.84","","29","","","","NA"
"-79.22","43.25","PORT WELLER (AUT)","6136699","2017-08-04 20:00","2017","08","04","20:00","22.2","","18.7","","81","","0.2","","","M","26","","","","99.73","","29","","","","NA"
"-79.22","43.25","PORT WELLER (AUT)","6136699","2017-08-04 21:00","2017","08","04","21:00","19.6","","17.4","","87","","3.1","","","M","18","","","","99.90","","","","","","NA"
"-79.22","43.25","PORT WELLER (AUT)","6136699","2017-08-04 22:00","2017","08","04","22:00","19.6","","17.8","","89","","5.0","","","M","12","","","","99.91","","","","","","NA"
"-79.22","43.25","PORT WELLER (AUT)","6136699","2017-08-04 23:00","2017","08","04","23:00","20.0","","17.9","","88","","4.9","","","M","13","","","","99.79","","26","","","","NA"
"-79.22","43.25","PORT WELLER (AUT)","6136699","2017-08-05 00:00","2017","08","05","00:00","20.5","","18.6","","89","","0.0","","","M","17","","","","99.80","","27","","","","NA"
"-79.22","43.25","PORT WELLER (AUT)","6136699","2017-08-05 01:00","2017","08","05","01:00","20.6","","18.0","","85","","0.0","","","M","13","","","","99.77","","27","","","","NA"
"-79.22","43.25","PORT WELLER (AUT)","6136699","2017-08-05 02:00","2017","08","05","02:00","19.9","","15.1","","74","","0.0","","","M","19","","","","99.82","","","","","","NA"
"-79.22","43.25","PORT WELLER (AUT)","6136699","2017-08-05 03:00","2017","08","05","03:00","19.1","","14.2","","73","","0.0","","","M","13","","","","99.88","","","","","","NA"
"-79.22","43.25","PORT WELLER (AUT)","6136699","2017-08-05 04:00","2017","08","05","04:00","18.6","","13.7","","73","","0.0","","","M","9","","","","99.90","","","","","","NA"
"-79.22","43.25","PORT WELLER (AUT)","6136699","2017-08-05 05:00","2017","08","05","05:00","18.5","","14.1","","75","","0.0","","","M","4","","","","99.88","","","","","","NA"
"-79.22","43.25","PORT WELLER (AUT)","6136699","2017-08-05 06:00","2017","08","05","06:00","17.5","","13.0","","75","","0.0","","","M","11","","","","99.88","","","","","","NA"
"-79.22","43.25","PORT WELLER (AUT)","6136699","2017-08-05 07:00","2017","08","05","07:00","18.1","","13.7","","75","","0.0","","","M","10","","","","99.84","","","","","","NA"
"-79.22","43.25","PORT WELLER (AUT)","6136699","2017-08-05 08:00","2017","08","05","08:00","17.7","","13.8","","78","","0.0","","","M","12","","","","99.84","","","","","","NA"
"-79.22","43.25","PORT WELLER (AUT)","6136699","2017-08-05 09:00","2017","08","05","09:00","18.0","","14.5","","80","","0.0","","","M","5","","","","99.85","","","","","","NA"
"-79.22","43.25","PORT WELLER (AUT)","6136699","2017-08-05 10:00","2017","08","05","10:00","17.9","","14.2","","79","","0.0","","","M","6","","","","99.89","","","","","","NA"
"-79.22","43.25","PORT WELLER (AUT)","6136699","2017-08-05 11:00","2017","08","05","11:00","18.1","","14.5","","79","","0.0","","","M","5","","","","99.98","","","","","","NA"
"-79.22","43.25","PORT WELLER (AUT)","6136699","2017-08-05 12:00","2017","08","05","12:00","17.9","","13.9","","77","","0.0","","","M","6","","","","100.06","","","","","","NA"
"-79.22","43.25","PORT WELLER (AUT)","6136699","2017-08-05 13:00","2017","08","05","13:00","18.4","","13.9","","75","","0.0","","","M","6","","","","100.11","","","","","","NA"
"-79.22","43.25","PORT WELLER (AUT)","6136699","2017-08-05 14:00","2017","08","05","14:00","18.7","","13.7","","73","","0.0","","","M","8","","","","100.16","","","","","","NA"
"-79.22","43.25","PORT WELLER (AUT)","6136699","2017-08-05 15:00","2017","08","05","15:00","19.4","","13.2","","67","","0.0","","","M","7","","","","100.22","","","","","","NA"
"-79.22","43.25","PORT WELLER (AUT)","6136699","2017-08-05 16:00","2017","08","05","16:00","19.4","","14.7","","74","","0.0","","","M","27","","","","100.25","","","","","","NA"
"-79.22","43.25","PORT WELLER (AUT)","6136699","2017-08-05 17:00","2017","08","05","17:00","19.3","","14.3","","73","","0.0","","","M","11","","","","100.28","","","","","","NA"
"-79.22","43.25","PORT WELLER (AUT)","6136699","2017-08-05 18:00","2017","08","05","18:00","20.8","","14.6","","68","","0.0","","","M","37","","","","100.28","","25","","","","NA"
"-79.22","43.25","PORT WELLER (AUT)","6136699","2017-08-05 19:00","2017","08","05","19:00","22.0","","14.3","","61","","0.0","","","M","30","","","","100.32","","26","","","","NA"
"-79.22","43.25","PORT WELLER (AUT)","6136699","2017-08-05 20:00","2017","08","05","20:00","21.6","","13.9","","62","","0.0","","","M","43","","","","100.36","","25","","","","NA"
"-79.22","43.25","PORT WELLER (AUT)","6136699","2017-08-05 21:00","2017","08","05","21:00","22.2","","13.2","","57","","0.0","","","M","46","","","","100.43","","25","","","","NA"
"-79.22","43.25","PORT WELLER (AUT)","6136699","2017-08-05 22:00","2017","08","05","22:00","21.7","","12.8","","57","","0.0","","","M","44","","","","100.51","","","","","","NA"
"-79.22","43.25","PORT WELLER (AUT)","6136699","2017-08-05 23:00","2017","08","05","23:00","20.7","","13.7","","64","","0.0","","","M","38","","","","100.55","","","","","","NA"
"-79.22","43.25","PORT WELLER (AUT)","6136699","2017-08-06 00:00","2017","08","06","00:00","20.1","","13.4","","65","","0.0","","","M","33","","","","100.63","","","","","","NA"
"-79.22","43.25","PORT WELLER (AUT)","6136699","2017-08-06 01:00","2017","08","06","01:00","19.7","","12.8","","65","","0.0","","","M","31","","","","100.65","","","","","","NA"
"-79.22","43.25","PORT WELLER (AUT)","6136699","2017-08-06 02:00","2017","08","06","02:00","19.6","","12.5","","63","","0.0","","","M","29","","","","100.66","","","","","","NA"
"-79.22","43.25","PORT WELLER (AUT)","6136699","2017-08-06 03:00","2017","08","06","03:00","19.3","","12.4","","64","","0.0","","","M","26","","","","100.72","","","","","","NA"
"-79.22","43.25","PORT WELLER (AUT)","6136699","2017-08-06 04:00","2017","08","06","04:00","18.0","","13.4","","74","","0.0","","","M","0","","","","100.72","","","","","","NA"
"-79.22","43.25","PORT WELLER (AUT)","6136699","2017-08-06 05:00","2017","08","06","05:00","17.0","","12.1","","73","","0.0","","","M","8","","","","100.73","","","","","","NA"
"-79.22","43.25","PORT WELLER (AUT)","6136699","2017-08-06 06:00","2017","08","06","06:00","16.2","","11.7","","75","","0.0","","","M","7","","","","100.73","","","","","","NA"
"-79.22","43.25","PORT WELLER (AUT)","6136699","2017-08-06 07:00","2017","08","06","07:00","16.1","","12.0","","77","","0.0","","","M","7","","","","100.70","","","","","","NA"
"-79.22","43.25","PORT WELLER (AUT)","6136699","2017-08-06 08:00","2017","08","06","08:00","15.6","","11.0","","74","","0.0","","","M","8","","","","100.70","","","","","","NA"
"-79.22","43.25","PORT WELLER (AUT)","6136699","2017-08-06 09:00","2017","08","06","09:00","15.5","","11.6","","78","","0.0","","","M","0","","","","100.73","","","","","","NA"
"-79.22","43.25","PORT WELLER (AUT)","6136699","2017-08-06 10:00","2017","08","06","10:00","16.0","","12.3","","79","","0.0","","","M","5","","","","100.77","","","","","","NA"
"-79.22","43.25","PORT WELLER (AUT)","6136699","2017-08-06 11:00","2017","08","06","11:00","16.0","","11.1","","73","","0.0","","","M","8","","","","100.79","","","","","","NA"
"-79.22","43.25","PORT WELLER (AUT)","6136699","2017-08-06 12:00","2017","08","06","12:00","17.8","","11.9","","68","","0.0","","","M","5","","","","100.82","","","","","","NA"
"-79.22","43.25","PORT WELLER (AUT)","6136699","2017-08-06 13:00","2017","08","06","13:00","20.2","","12.8","","63","","0.0","","","M","3","","","","100.83","","","","","","NA"
"-79.22","43.25","PORT WELLER (AUT)","6136699","2017-08-06 14:00","2017","08","06","14:00","22.3","","14.1","","60","","0.0","","","M","0","","","","100.83","","26","","","","NA"
"-79.22","43.25","PORT WELLER (AUT)","6136699","2017-08-06 15:00","2017","08","06","15:00","23.3","","13.7","","55","","0.0","","","M","0","","","","100.83","","26","","","","NA"
"-79.22","43.25","PORT WELLER (AUT)","6136699","2017-08-06 16:00","2017","08","06","16:00","24.9","","14.4","","52","","0.0","","","M","14","","","","100.84","","29","","","","NA"
"-79.22","43.25","PORT WELLER (AUT)","6136699","2017-08-06 17:00","2017","08","06","17:00","24.5","","15.0","","56","","0.0","","","M","10","","","","100.80","","28","","","","NA"
"-79.22","43.25","PORT WELLER (AUT)","6136699","2017-08-06 18:00","2017","08","06","18:00","19.4","","15.3","","77","","3.3","","","M","11","","","","100.80","","","","","","NA"
"-79.22","43.25","PORT WELLER (AUT)","6136699","2017-08-06 19:00","2017","08","06","19:00","25.1","","16.2","","58","","0.0","","","M","4","","","","100.75","","30","","","","NA"
"-79.22","43.25","PORT WELLER (AUT)","6136699","2017-08-06 20:00","2017","08","06","20:00","23.9","","14.2","","55","","0.0","","","M","13","","","","100.71","","27","","","","NA"
"-79.22","43.25","PORT WELLER (AUT)","6136699","2017-08-06 21:00","2017","08","06","21:00","23.6","","14.6","","57","","0.0","","","M","10","","","","100.69","","27","","","","NA"
"-79.22","43.25","PORT WELLER (AUT)","6136699","2017-08-06 22:00","2017","08","06","22:00","22.9","","14.4","","59","","0.0","","","M","14","","","","100.68","","27","","","","NA"
"-79.22","43.25","PORT WELLER (AUT)","6136699","2017-08-06 23:00","2017","08","06","23:00","20.7","","15.0","","70","","0.6","","","M","10","","","","100.72","","25","","","","NA"
"-79.22","43.25","PORT WELLER (AUT)","6136699","2017-08-07 00:00","2017","08","07","00:00","21.2","","15.0","","68","","0.4","","","M","5","","","","100.72","","25","","","","NA"
"-79.22","43.25","PORT WELLER (AUT)","6136699","2017-08-07 01:00","2017","08","07","01:00","20.8","","17.0","","79","","0.0","","","M","9","","","","100.70","","26","","","","NA"
"-79.22","43.25","PORT WELLER (AUT)","6136699","2017-08-07 02:00","2017","08","07","02:00","20.4","","16.9","","80","","0.0","","","M","7","","","","100.75","","26","","","","NA"
"-79.22","43.25","PORT WELLER (AUT)","6136699","2017-08-07 03:00","2017","08","07","03:00","19.9","","16.8","","83","","0.0","","","M","8","","","","100.76","","","","","","NA"
"-79.22","43.25","PORT WELLER (AUT)","6136699","2017-08-07 04:00","2017","08","07","04:00","19.3","","16.7","","85","","0.0","","","M","4","","","","100.74","","","","","","NA"
"-79.22","43.25","PORT WELLER (AUT)","6136699","2017-08-07 05:00","2017","08","07","05:00","19.0","","17.1","","89","","0.0","","","M","5","","","","100.74","","","","","","NA"
"-79.22","43.25","PORT WELLER (AUT)","6136699","2017-08-07 06:00","2017","08","07","06:00","19.4","","16.7","","85","","0.0","","","M","12","","","","100.73","","","","","","NA"
"-79.22","43.25","PORT WELLER (AUT)","6136699","2017-08-07 07:00","2017","08","07","07:00","18.7","","16.1","","85","","0.0","","","M","5","","","","100.70","","","","","","NA"
"-79.22","43.25","PORT WELLER (AUT)","6136699","2017-08-07 08:00","2017","08","07","08:00","18.2","","16.1","","87","","0.0","","","M","6","","","","100.66","","","","","","NA"
"-79.22","43.25","PORT WELLER (AUT)","6136699","2017-08-07 09:00","2017","08","07","09:00","18.2","","16.0","","87","","0.0","","","M","10","","","","100.63","","","","","","NA"
"-79.22","43.25","PORT WELLER (AUT)","6136699","2017-08-07 10:00","2017","08","07","10:00","18.8","","16.5","","87","","0.0","","","M","0","","","","100.61","","","","","","NA"
"-79.22","43.25","PORT WELLER (AUT)","6136699","2017-08-07 11:00","2017","08","07","11:00","18.6","","16.1","","86","","0.0","","","M","7","","","","100.65","","","","","","NA"
"-79.22","43.25","PORT WELLER (AUT)","6136699","2017-08-07 12:00","2017","08","07","12:00","20.3","","16.7","","80","","0.0","","","M","5","","","","100.65","","25","","","","NA"
"-79.22","43.25","PORT WELLER (AUT)","6136699","2017-08-07 13:00","2017","08","07","13:00","20.4","","17.4","","83","","0.0","","","M","12","","","","100.66","","26","","","","NA"
"-79.22","43.25","PORT WELLER (AUT)","6136699","2017-08-07 14:00","2017","08","07","14:00","21.2","","17.7","","81","","0.0","","","M","10","","","","100.63","","27","","","","NA"
"-79.22","43.25","PORT WELLER (AUT)","6136699","2017-08-07 15:00","2017","08","07","15:00","21.1","","17.7","","81","","0.0","","","M","4","","","","100.60","","27","","","","NA"
"-79.22","43.25","PORT WELLER (AUT)","6136699","2017-08-07 16:00","2017","08","07","16:00","23.5","","18.7","","75","","0.0","","","M","15","","","","100.61","","30","","","","NA"
"-79.22","43.25","PORT WELLER (AUT)","6136699","2017-08-07 17:00","2017","08","07","17:00","20.3","","16.7","","80","","0.0","","","M","25","","","","100.57","","25","","","","NA"
"-79.22","43.25","PORT WELLER (AUT)","6136699","2017-08-07 18:00","2017","08","07","18:00","20.1","","15.8","","76","","0.0","","","M","25","","","","100.53","","25","","","","NA"
"-79.22","43.25","PORT WELLER (AUT)","6136699","2017-08-07 19:00","2017","08","07","19:00","19.7","","16.4","","81","","0.0","","","M","17","","","","100.58","","","","","","NA"
"-79.22","43.25","PORT WELLER (AUT)","6136699","2017-08-07 20:00","2017","08","07","20:00","19.2","","16.3","","83","","3.6","","","M","11","","","","100.55","","","","","","NA"
"-79.22","43.25","PORT WELLER (AUT)","6136699","2017-08-07 21:00","2017","08","07","21:00","19.3","","16.2","","82","","0.6","","","M","10","","","","100.52","","","","","","NA"
"-79.22","43.25","PORT WELLER (AUT)","6136699","2017-08-07 22:00","2017","08","07","22:00","19.7","","15.4","","76","","0.0","","","M","14","","","","100.51","","","","","","NA"
"-79.22","43.25","PORT WELLER (AUT)","6136699","2017-08-07 23:00","2017","08","07","23:00","19.9","","15.3","","75","","0.0","","","M","12","","","","100.47","","","","","","NA"
"-79.22","43.25","PORT WELLER (AUT)","6136699","2017-08-08 00:00","2017","08","08","00:00","19.9","","15.3","","75","","0.0","","","M","6","","","","100.50","","","","","","NA"
"-79.22","43.25","PORT WELLER (AUT)","6136699","2017-08-08 01:00","2017","08","08","01:00","19.1","","16.0","","82","","0.0","","","M","9","","","","100.55","","","","","","NA"
"-79.22","43.25","PORT WELLER (AUT)","6136699","2017-08-08 02:00","2017","08","08","02:00","18.9","","15.6","","81","","0.0","","","M","9","","","","100.57","","","","","","NA"
"-79.22","43.25","PORT WELLER (AUT)","6136699","2017-08-08 03:00","2017","08","08","03:00","18.4","","15.3","","82","","0.0","","","M","7","","","","100.55","","","","","","NA"
"-79.22","43.25","PORT WELLER (AUT)","6136699","2017-08-08 04:00","2017","08","08","04:00","17.9","","15.5","","86","","0.0","","","M","6","","","","100.59","","","","","","NA"
"-79.22","43.25","PORT WELLER (AUT)","6136699","2017-08-08 05:00","2017","08","08","05:00","17.7","","15.9","","89","","0.0","","","M","0","","","","100.59","","","","","","NA"
"-79.22","43.25","PORT WELLER (AUT)","6136699","2017-08-08 06:00","2017","08","08","06:00","18.2","","16.3","","89","","0.0","","","M","15","","","","100.60","","","","","","NA"
"-79.22","43.25","PORT WELLER (AUT)","6136699","2017-08-08 07:00","2017","08","08","07:00","18.5","","14.7","","78","","0.0","","","M","17","","","","100.62","","","","","","NA"
"-79.22","43.25","PORT WELLER (AUT)","6136699","2017-08-08 08:00","2017","08","08","08:00","18.6","","15.5","","82","","0.0","","","M","18","","","","100.62","","","","","","NA"
"-79.22","43.25","PORT WELLER (AUT)","6136699","2017-08-08 09:00","2017","08","08","09:00","18.1","","15.5","","85","","0.0","","","M","15","","","","100.64","","","","","","NA"
"-79.22","43.25","PORT WELLER (AUT)","6136699","2017-08-08 10:00","2017","08","08","10:00","17.7","","15.2","","86","","0.0","","","M","16","","","","100.65","","","","","","NA"
"-79.22","43.25","PORT WELLER (AUT)","6136699","2017-08-08 11:00","2017","08","08","11:00","18.1","","14.8","","81","","0.0","","","M","16","","","","100.73","","","","","","NA"
"-79.22","43.25","PORT WELLER (AUT)","6136699","2017-08-08 12:00","2017","08","08","12:00","18.2","","14.5","","79","","0.0","","","M","16","","","","100.79","","","","","","NA"
"-79.22","43.25","PORT WELLER (AUT)","6136699","2017-08-08 13:00","2017","08","08","13:00","20.3","","14.0","","67","","0.0","","","M","14","","","","100.81","","","","","","NA"
"-79.22","43.25","PORT WELLER (AUT)","6136699","2017-08-08 14:00","2017","08","08","14:00","21.1","","13.7","","63","","0.0","","","M","12","","","","100.85","","","","","","NA"
"-79.22","43.25","PORT WELLER (AUT)","6136699","2017-08-08 15:00","2017","08","08","15:00","22.0","","14.4","","62","","0.0","","","M","13","","","","100.87","","26","","","","NA"
"-79.22","43.25","PORT WELLER (AUT)","6136699","2017-08-08 16:00","2017","08","08","16:00","22.0","","14.2","","61","","0.0","","","M","5","","","","100.87","","25","","","","NA"
"-79.22","43.25","PORT WELLER (AUT)","6136699","2017-08-08 17:00","2017","08","08","17:00","23.5","","11.5","","47","","0.0","","","M","0","","","","100.87","","26","","","","NA"
"-79.22","43.25","PORT WELLER (AUT)","6136699","2017-08-08 18:00","2017","08","08","18:00","23.6","","10.1","","42","","0.0","","","M","4","","","","100.86","","25","","","","NA"
"-79.22","43.25","PORT WELLER (AUT)","6136699","2017-08-08 19:00","2017","08","08","19:00","24.6","","11.4","","44","","0.0","","","M","3","","","","100.83","","27","","","","NA"
"-79.22","43.25","PORT WELLER (AUT)","6136699","2017-08-08 20:00","2017","08","08","20:00","24.9","","12.7","","47","","0.0","","","M","7","","","","100.79","","28","","","","NA"
"-79.22","43.25","PORT WELLER (AUT)","6136699","2017-08-08 21:00","2017","08","08","21:00","25.9","","15.0","","51","","0.0","","","M","0","","","","100.75","","30","","","","NA"
"-79.22","43.25","PORT WELLER (AUT)","6136699","2017-08-08 22:00","2017","08","08","22:00","24.1","","16.0","","61","","0.0","","","M","13","","","","100.74","","29","","","","NA"
"-79.22","43.25","PORT WELLER (AUT)","6136699","2017-08-08 23:00","2017","08","08","23:00","23.2","","15.7","","63","","0.0","","","M","15","","","","100.76","","28","","","","NA"
"-79.22","43.25","PORT WELLER (AUT)","6136699","2017-08-09 00:00","2017","08","09","00:00","22.2","","15.9","","68","","0.0","","","M","15","","","","100.78","","27","","","","NA"
"-79.22","43.25","PORT WELLER (AUT)","6136699","2017-08-09 01:00","2017","08","09","01:00","21.5","","16.6","","74","","0.0","","","M","13","","","","100.82","","27","","","","NA"
"-79.22","43.25","PORT WELLER (AUT)","6136699","2017-08-09 02:00","2017","08","09","02:00","21.2","","17.5","","79","","0.0","","","M","3","","","","100.90","","27","","","","NA"
"-79.22","43.25","PORT WELLER (AUT)","6136699","2017-08-09 03:00","2017","08","09","03:00","20.9","","16.6","","76","","0.0","","","M","9","","","","100.93","","26","","","","NA"
"-79.22","43.25","PORT WELLER (AUT)","6136699","2017-08-09 04:00","2017","08","09","04:00","20.3","","16.0","","76","","0.0","","","M","12","","","","100.93","","25","","","","NA"
"-79.22","43.25","PORT WELLER (AUT)","6136699","2017-08-09 05:00","2017","08","09","05:00","19.9","","16.1","","79","","0.0","","","M","8","","","","100.95","","","","","","NA"
"-79.22","43.25","PORT WELLER (AUT)","6136699","2017-08-09 06:00","2017","08","09","06:00","20.1","","15.6","","76","","0.0","","","M","8","","","","100.96","","","","","","NA"
"-79.22","43.25","PORT WELLER (AUT)","6136699","2017-08-09 07:00","2017","08","09","07:00","19.6","","16.0","","80","","0.0","","","M","7","","","","100.97","","","","","","NA"
"-79.22","43.25","PORT WELLER (AUT)","6136699","2017-08-09 08:00","2017","08","09","08:00","19.9","","16.7","","82","","0.0","","","M","3","","","","100.99","","","","","","NA"
"-79.22","43.25","PORT WELLER (AUT)","6136699","2017-08-09 09:00","2017","08","09","09:00","19.4","","16.0","","81","","0.0","","","M","7","","","","101.01","","","","","","NA"
"-79.22","43.25","PORT WELLER (AUT)","6136699","2017-08-09 10:00","2017","08","09","10:00","19.2","","15.9","","82","","0.0","","","M","6","","","","101.05","","","","","","NA"
"-79.22","43.25","PORT WELLER (AUT)","6136699","2017-08-09 11:00","2017","08","09","11:00","19.7","","15.6","","77","","0.0","","","M","9","","","","101.08","","","","","","NA"
"-79.22","43.25","PORT WELLER (AUT)","6136699","2017-08-09 12:00","2017","08","09","12:00","20.5","","16.3","","77","","0.0","","","M","4","","","","101.12","","25","","","","NA"
"-79.22","43.25","PORT WELLER (AUT)","6136699","2017-08-09 13:00","2017","08","09","13:00","22.9","","17.3","","71","","0.0","","","M","0","","","","101.15","","28","","","","NA"
"-79.22","43.25","PORT WELLER (AUT)","6136699","2017-08-09 14:00","2017","08","09","14:00","24.0","","17.5","","67","","0.0","","","M","0","","","","101.17","","30","","","","NA"
"-79.22","43.25","PORT WELLER (AUT)","6136699","2017-08-09 15:00","2017","08","09","15:00","24.8","","18.2","","67","","0.0","","","M","0","","","","101.17","","31","","","","NA"
"-79.22","43.25","PORT WELLER (AUT)","6136699","2017-08-09 16:00","2017","08","09","16:00","26.1","","19.7","","68","","0.0","","","M","7","","","","101.17","","33","","","","NA"
"-79.22","43.25","PORT WELLER (AUT)","6136699","2017-08-09 17:00","2017","08","09","17:00","27.1","","19.1","","62","","0.0","","","M","14","","","","101.13","","34","","","","NA"
"-79.22","43.25","PORT WELLER (AUT)","6136699","2017-08-09 18:00","2017","08","09","18:00","26.7","","18.7","","62","","0.0","","","M","0","","","","101.11","","33","","","","NA"
"-79.22","43.25","PORT WELLER (AUT)","6136699","2017-08-09 19:00","2017","08","09","19:00","27.1","","18.2","","58","","0.0","","","M","0","","","","101.08","","33","","","","NA"
"-79.22","43.25","PORT WELLER (AUT)","6136699","2017-08-09 20:00","2017","08","09","20:00","28.2","","17.8","","53","","0.0","","","M","3","","","","101.04","","34","","","","NA"
"-79.22","43.25","PORT WELLER (AUT)","6136699","2017-08-09 21:00","2017","08","09","21:00","27.0","","17.8","","57","","0.0","","","M","13","","","","101.06","","33","","","","NA"
"-79.22","43.25","PORT WELLER (AUT)","6136699","2017-08-09 22:00","2017","08","09","22:00","26.7","","17.0","","56","","0.0","","","M","13","","","","101.07","","32","","","","NA"
"-79.22","43.25","PORT WELLER (AUT)","6136699","2017-08-09 23:00","2017","08","09","23:00","25.5","","16.0","","56","","0.0","","","M","12","","","","101.08","","30","","","","NA"
"-79.22","43.25","PORT WELLER (AUT)","6136699","2017-08-10 00:00","2017","08","10","00:00","24.5","","14.6","","54","","0.0","","","M","10","","","","101.11","","28","","","","NA"
"-79.22","43.25","PORT WELLER (AUT)","6136699","2017-08-10 01:00","2017","08","10","01:00","23.5","","15.5","","61","","0.0","","","M","10","","","","101.14","","28","","","","NA"
"-79.22","43.25","PORT WELLER (AUT)","6136699","2017-08-10 02:00","2017","08","10","02:00","22.6","","16.0","","67","","0.0","","","M","10","","","","101.19","","27","","","","NA"
"-79.22","43.25","PORT WELLER (AUT)","6136699","2017-08-10 03:00","2017","08","10","03:00","21.9","","16.4","","71","","0.0","","","M","7","","","","101.22","","27","","","","NA"
"-79.22","43.25","PORT WELLER (AUT)","6136699","2017-08-10 04:00","2017","08","10","04:00","21.1","","16.5","","75","","0.0","","","M","8","","","","101.23","","26","","","","NA"
"-79.22","43.25","PORT WELLER (AUT)","6136699","2017-08-10 05:00","2017","08","10","05:00","20.6","","16.1","","75","","0.0","","","M","8","","","","101.24","","25","","","","NA"
"-79.22","43.25","PORT WELLER (AUT)","6136699","2017-08-10 06:00","2017","08","10","06:00","20.1","","16.5","","80","","0.0","","","M","8","","","","101.23","","25","","","","NA"
"-79.22","43.25","PORT WELLER (AUT)","6136699","2017-08-10 07:00","2017","08","10","07:00","19.9","","17.0","","84","","0.0","","","M","6","","","","101.22","","","","","","NA"
"-79.22","43.25","PORT WELLER (AUT)","6136699","2017-08-10 08:00","2017","08","10","08:00","19.5","","17.7","","89","","0.0","","","M","0","","","","101.20","","","","","","NA"
"-79.22","43.25","PORT WELLER (AUT)","6136699","2017-08-10 09:00","2017","08","10","09:00","19.2","","17.0","","87","","0.0","","","M","3","","","","101.19","","","","","","NA"
"-79.22","43.25","PORT WELLER (AUT)","6136699","2017-08-10 10:00","2017","08","10","10:00","19.0","","16.9","","87","","0.0","","","M","4","","","","101.22","","","","","","NA"
"-79.22","43.25","PORT WELLER (AUT)","6136699","2017-08-10 11:00","2017","08","10","11:00","19.6","","17.2","","86","","0.0","","","M","0","","","","101.24","","","","","","NA"
"-79.22","43.25","PORT WELLER (AUT)","6136699","2017-08-10 12:00","2017","08","10","12:00","20.4","","16.8","","80","","0.0","","","M","5","","","","101.26","","26","","","","NA"
"-79.22","43.25","PORT WELLER (AUT)","6136699","2017-08-10 13:00","2017","08","10","13:00","22.8","","17.6","","72","","0.0","","","M","0","","","","101.25","","29","","","","NA"
"-79.22","43.25","PORT WELLER (AUT)","6136699","2017-08-10 14:00","2017","08","10","14:00","23.5","","16.2","","64","","0.0","","","M","7","","","","101.23","","28","","","","NA"
"-79.22","43.25","PORT WELLER (AUT)","6136699","2017-08-10 15:00","2017","08","10","15:00","25.6","","16.0","","55","","0.0","","","M","5","","","","101.20","","30","","","","NA"
"-79.22","43.25","PORT WELLER (AUT)","6136699","2017-08-10 16:00","2017","08","10","16:00"
"-79.22","43.25","PORT WELLER (AUT)","6136699","2017-08-10 17:00","2017","08","10","17:00"
"-79.22","43.25","PORT WELLER (AUT)","6136699","2017-08-10 18:00","2017","08","10","18:00"
"-79.22","43.25","PORT WELLER (AUT)","6136699","2017-08-10 19:00","2017","08","10","19:00"
"-79.22","43.25","PORT WELLER (AUT)","6136699","2017-08-10 20:00","2017","08","10","20:00","25.8","","15.1","","52","","0.0","","","M","11","","","","101.00","","30","","","","NA"
"-79.22","43.25","PORT WELLER (AUT)","6136699","2017-08-10 21:00","2017","08","10","21:00","24.3","","19.6","","75","","0.0","","","M","20","","","","100.95","","32","","","","NA"
"-79.22","43.25","PORT WELLER (AUT)","6136699","2017-08-10 22:00","2017","08","10","22:00","24.4","","18.6","","70","","0.0","","","M","20","","","","100.91","","31","","","","NA"
"-79.22","43.25","PORT WELLER (AUT)","6136699","2017-08-10 23:00","2017","08","10","23:00","24.0","","19.5","","76","","0.0","","","M","22","","","","100.87","","31","","","","NA"
"-79.22","43.25","PORT WELLER (AUT)","6136699","2017-08-11 00:00","2017","08","11","00:00","23.7","","20.0","","80","","0.0","","","M","17","","","","100.82","","31","","","","NA"
"-79.22","43.25","PORT WELLER (AUT)","6136699","2017-08-11 01:00","2017","08","11","01:00","23.5","","18.0","","71","","0.0","","","M","8","","","","100.87","","30","","","","NA"
"-79.22","43.25","PORT WELLER (AUT)","6136699","2017-08-11 02:00","2017","08","11","02:00","23.1","","17.8","","72","","0.0","","","M","0","","","","100.88","","29","","","","NA"
"-79.22","43.25","PORT WELLER (AUT)","6136699","2017-08-11 03:00","2017","08","11","03:00","23.2","","16.1","","64","","0.0","","","M","5","","","","100.86","","28","","","","NA"
"-79.22","43.25","PORT WELLER (AUT)","6136699","2017-08-11 04:00","2017","08","11","04:00","22.7","","15.4","","63","","0.0","","","M","5","","","","100.83","","27","","","","NA"
"-79.22","43.25","PORT WELLER (AUT)","6136699","2017-08-11 05:00","2017","08","11","05:00","22.9","","16.7","","68","","0.0","","","M","13","","","","100.83","","28","","","","NA"
"-79.22","43.25","PORT WELLER (AUT)","6136699","2017-08-11 06:00","2017","08","11","06:00","22.5","","17.4","","73","","0.0","","","M","19","","","","100.79","","28","","","","NA"
"-79.22","43.25","PORT WELLER (AUT)","6136699","2017-08-11 07:00","2017","08","11","07:00","21.9","","16.6","","72","","0.0","","","M","14","","","","100.77","","27","","","","NA"
"-79.22","43.25","PORT WELLER (AUT)","6136699","2017-08-11 08:00","2017","08","11","08:00","21.7","","17.1","","75","","0.0","","","M","16","","","","100.73","","27","","","","NA"
"-79.22","43.25","PORT WELLER (AUT)","6136699","2017-08-11 09:00","2017","08","11","09:00","21.1","","17.1","","78","","0.0","","","M","10","","","","100.72","","26","","","","NA"
"-79.22","43.25","PORT WELLER (AUT)","6136699","2017-08-11 10:00","2017","08","11","10:00","20.7","","16.8","","78","","0.0","","","M","7","","","","100.75","","26","","","","NA"
"-79.22","43.25","PORT WELLER (AUT)","6136699","2017-08-11 11:00","2017","08","11","11:00","21.2","","17.3","","78","","0.0","","","M","6","","","","100.72","","27","","","","NA"
"-79.22","43.25","PORT WELLER (AUT)","6136699","2017-08-11 12:00","2017","08","11","12:00","21.4","","17.8","","80","","0.0","","16","","9","","","","100.70","","27","","","","NA"
"-79.22","43.25","PORT WELLER (AUT)","6136699","2017-08-11 13:00","2017","08","11","13:00","22.8","","18.2","","75","","0.0","","20","","12","","","","100.70","","29","","","","NA"
"-79.22","43.25","PORT WELLER (AUT)","6136699","2017-08-11 14:00","2017","08","11","14:00","23.7","","18.8","","74","","0.0","","21","","7","","","","100.66","","30","","","","NA"
"-79.22","43.25","PORT WELLER (AUT)","6136699","2017-08-11 15:00","2017","08","11","15:00","23.7","","18.9","","74","","0.0","","21","","7","","","","100.66","","30","","","","NA"
"-79.22","43.25","PORT WELLER (AUT)","6136699","2017-08-11 16:00","2017","08","11","16:00","24.3","","18.7","","71","","0.0","","20","","7","","","","100.63","","31","","","","NA"
"-79.22","43.25","PORT WELLER (AUT)","6136699","2017-08-11 17:00","2017","08","11","17:00","23.6","","18.5","","73","","0.0","","20","","7","","","","100.61","","30","","","","NA"
"-79.22","43.25","PORT WELLER (AUT)","6136699","2017-08-11 18:00","2017","08","11","18:00","23.2","","18.4","","75","","0.0","","20","","11","","","","100.59","","30","","","","NA"
"-79.22","43.25","PORT WELLER (AUT)","6136699","2017-08-11 19:00","2017","08","11","19:00","22.6","","18.4","","77","","0.0","","19","","14","","","","100.52","","29","","","","NA"
"-79.22","43.25","PORT WELLER (AUT)","6136699","2017-08-11 20:00","2017","08","11","20:00","24.3","","18.3","","69","","0.0","","18","","12","","","","100.44","","31","","","","NA"
"-79.22","43.25","PORT WELLER (AUT)","6136699","2017-08-11 21:00","2017","08","11","21:00","24.5","","17.9","","67","","0.0","","20","","17","","","","100.38","","30","","","","NA"
"-79.22","43.25","PORT WELLER (AUT)","6136699","2017-08-11 22:00","2017","08","11","22:00","22.3","","17.4","","74","","0.0","","21","","10","","","","100.40","","28","","","","NA"
"-79.22","43.25","PORT WELLER (AUT)","6136699","2017-08-11 23:00","2017","08","11","23:00","22.0","","16.0","","69","","0.6","","21","","10","","","","100.33","","27","","","","NA"
"-79.22","43.25","PORT WELLER (AUT)","6136699","2017-08-12 00:00","2017","08","12","00:00","21.2","","17.0","","77","","0.0","","17","","13","","","","100.29","","26","","","","NA"
"-79.22","43.25","PORT WELLER (AUT)","6136699","2017-08-12 01:00","2017","08","12","01:00","20.9","","16.3","","75","","0.0","","19","","9","","","","100.30","","26","","","","NA"
"-79.22","43.25","PORT WELLER (AUT)","6136699","2017-08-12 02:00","2017","08","12","02:00","21.1","","16.6","","75","","0.0","","19","","12","","","","100.25","","26","","","","NA"
"-79.22","43.25","PORT WELLER (AUT)","6136699","2017-08-12 03:00","2017","08","12","03:00","21.4","","16.6","","74","","0.0","","19","","18","","","","100.17","","26","","","","NA"
"-79.22","43.25","PORT WELLER (AUT)","6136699","2017-08-12 04:00","2017","08","12","04:00","22.0","","17.3","","75","","0.0","","18","","19","","","","100.13","","27","","","","NA"
"-79.22","43.25","PORT WELLER (AUT)","6136699","2017-08-12 05:00","2017","08","12","05:00","18.1","","15.6","","85","","2.9","","20","","11","","","","100.11","","","","","","NA"
"-79.22","43.25","PORT WELLER (AUT)","6136699","2017-08-12 06:00","2017","08","12","06:00","18.0","","15.5","","85","","0.0","","19","","14","","","","100.08","","","","","","NA"
"-79.22","43.25","PORT WELLER (AUT)","6136699","2017-08-12 07:00","2017","08","12","07:00","18.4","","15.8","","85","","0.0","","20","","9","","","","100.08","","","","","","NA"
"-79.22","43.25","PORT WELLER (AUT)","6136699","2017-08-12 08:00","2017","08","12","08:00","19.2","","16.3","","83","","0.0","","14","","6","","","","100.08","","","","","","NA"
"-79.22","43.25","PORT WELLER (AUT)","6136699","2017-08-12 09:00","2017","08","12","09:00","19.1","","16.8","","86","","0.0","","","","0","","","","100.10","","","","","","NA"
"-79.22","43.25","PORT WELLER (AUT)","6136699","2017-08-12 10:00","2017","08","12","10:00","19.7","","17.0","","85","","0.0","","21","","7","","","","100.11","","","","","","NA"
"-79.22","43.25","PORT WELLER (AUT)","6136699","2017-08-12 11:00","2017","08","12","11:00","20.1","","17.5","","85","","0.0","","","","0","","","","100.14","","26","","","","NA"
"-79.22","43.25","PORT WELLER (AUT)","6136699","2017-08-12 12:00","2017","08","12","12:00","20.3","","17.8","","85","","0.0","","28","","24","","","","100.18","","26","","","","NA"
"-79.22","43.25","PORT WELLER (AUT)","6136699","2017-08-12 13:00","2017","08","12","13:00","20.8","","17.6","","82","","0.0","","27","","11","","","","100.20","","27","","","","NA"
"-79.22","43.25","PORT WELLER (AUT)","6136699","2017-08-12 14:00","2017","08","12","14:00","22.5","","17.4","","73","","0.0","","26","","9","","","","100.18","","28","","","","NA"
"-79.22","43.25","PORT WELLER (AUT)","6136699","2017-08-12 15:00","2017","08","12","15:00","22.7","","17.6","","73","","0.0","","","","0","","","","100.18","","28","","","","NA"
"-79.22","43.25","PORT WELLER (AUT)","6136699","2017-08-12 16:00","2017","08","12","16:00","24.7","","17.6","","65","","0.0","","28","","10","","","","100.16","","30","","","","NA"
"-79.22","43.25","PORT WELLER (AUT)","6136699","2017-08-12 17:00","2017","08","12","17:00","25.2","","18.1","","65","","0.0","","28","","13","","","","100.13","","31","","","","NA"
"-79.22","43.25","PORT WELLER (AUT)","6136699","2017-08-12 18:00","2017","08","12","18:00","25.7","","17.6","","61","","0.0","","27","","10","","","","100.12","","31","","","","NA"
"-79.22","43.25","PORT WELLER (AUT)","6136699","2017-08-12 19:00","2017","08","12","19:00","26.0","","19.2","","66","","0.0","","28","","23","","","","100.10","","33","","","","NA"
"-79.22","43.25","PORT WELLER (AUT)","6136699","2017-08-12 20:00","2017","08","12","20:00","25.9","","17.8","","61","","0.0","","","","0","","","","100.07","","32","","","","NA"
"-79.22","43.25","PORT WELLER (AUT)","6136699","2017-08-12 21:00","2017","08","12","21:00","22.5","","16.6","","69","","0.0","","31","","46","","","","100.11","","28","","","","NA"
"-79.22","43.25","PORT WELLER (AUT)","6136699","2017-08-12 22:00","2017","08","12","22:00","23.1","","17.4","","70","","0.0","","29","","17","","","","100.11","","29","","","","NA"
"-79.22","43.25","PORT WELLER (AUT)","6136699","2017-08-12 23:00","2017","08","12","23:00","23.4","","18.3","","73","","0.0","","29","","16","","","","100.16","","30","","","","NA"
"-79.22","43.25","PORT WELLER (AUT)","6136699","2017-08-13 00:00","2017","08","13","00:00","22.0","","17.3","","75","","0.0","","32","","5","","","","100.19","","27","","","","NA"
"-79.22","43.25","PORT WELLER (AUT)","6136699","2017-08-13 01:00","2017","08","13","01:00","21.4","","17.0","","76","","0.0","","33","","27","","","","100.27","","27","","","","NA"
"-79.22","43.25","PORT WELLER (AUT)","6136699","2017-08-13 02:00","2017","08","13","02:00","21.1","","16.1","","73","","0.0","","33","","33","","","","100.33","","26","","","","NA"
"-79.22","43.25","PORT WELLER (AUT)","6136699","2017-08-13 03:00","2017","08","13","03:00","20.6","","16.3","","76","","0.0","","33","","29","","","","100.37","","25","","","","NA"
"-79.22","43.25","PORT WELLER (AUT)","6136699","2017-08-13 04:00","2017","08","13","04:00","20.3","","16.1","","77","","0.0","","32","","31","","","","100.38","","25","","","","NA"
"-79.22","43.25","PORT WELLER (AUT)","6136699","2017-08-13 05:00","2017","08","13","05:00","20.1","","16.0","","77","","0.0","","32","","26","","","","100.41","","25","","","","NA"
"-79.22","43.25","PORT WELLER (AUT)","6136699","2017-08-13 06:00","2017","08","13","06:00","19.7","","16.0","","79","","0.0","","32","","25","","","","100.45","","","","","","NA"
"-79.22","43.25","PORT WELLER (AUT)","6136699","2017-08-13 07:00","2017","08","13","07:00","19.5","","16.0","","81","","0.0","","32","","22","","","","100.49","","","","","","NA"
"-79.22","43.25","PORT WELLER (AUT)","6136699","2017-08-13 08:00","2017","08","13","08:00","19.2","","15.8","","81","","0.0","","32","","24","","","","100.50","","","","","","NA"
"-79.22","43.25","PORT WELLER (AUT)","6136699","2017-08-13 09:00","2017","08","13","09:00","19.2","","15.7","","81","","0.0","","32","","19","","","","100.51","","","","","","NA"
"-79.22","43.25","PORT WELLER (AUT)","6136699","2017-08-13 10:00","2017","08","13","10:00","19.4","","16.0","","81","","0.0","","31","","19","","","","100.59","","","","","","NA"
"-79.22","43.25","PORT WELLER (AUT)","6136699","2017-08-13 11:00","2017","08","13","11:00","19.9","","15.2","","74","","0.0","","29","","12","","","","100.66","","","","","","NA"
"-79.22","43.25","PORT WELLER (AUT)","6136699","2017-08-13 12:00","2017","08","13","12:00","20.6","","16.1","","75","","0.0","","","","0","","","","100.69","","25","","","","NA"
"-79.22","43.25","PORT WELLER (AUT)","6136699","2017-08-13 13:00","2017","08","13","13:00","21.4","","16.2","","72","","0.0","","","","0","","","","100.71","","26","","","","NA"
"-79.22","43.25","PORT WELLER (AUT)","6136699","2017-08-13 14:00","2017","08","13","14:00","22.5","","16.3","","68","","0.0","","27","","10","","","","100.74","","27","","","","NA"
"-79.22","43.25","PORT WELLER (AUT)","6136699","2017-08-13 15:00","2017","08","13","15:00","22.3","","16.1","","68","","0.0","","","","0","","","","100.79","","27","","","","NA"
"-79.22","43.25","PORT WELLER (AUT)","6136699","2017-08-13 16:00","2017","08","13","16:00","23.7","","15.2","","59","","0.0","","","","0","","","","100.77","","28","","","","NA"
"-79.22","43.25","PORT WELLER (AUT)","6136699","2017-08-13 17:00","2017","08","13","17:00","24.6","","14.1","","52","","0.0","","27","","3","","","","100.75","","28","","","","NA"
"-79.22","43.25","PORT WELLER (AUT)","6136699","2017-08-13 18:00","2017","08","13","18:00","25.4","","11.4","","42","","0.0","","","","0","","","","100.74","","27","","","","NA"
"-79.22","43.25","PORT WELLER (AUT)","6136699","2017-08-13 19:00","2017","08","13","19:00","25.7","","10.8","","39","","0.0","","31","","4","","","","100.72","","27","","","","NA"
"-79.22","43.25","PORT WELLER (AUT)","6136699","2017-08-13 20:00","2017","08","13","20:00","26.4","","11.7","","40","","0.0","","30","","5","","","","100.73","","29","","","","NA"
"-79.22","43.25","PORT WELLER (AUT)","6136699","2017-08-13 21:00","2017","08","13","21:00","26.2","","16.2","","54","","0.0","","22","","3","","","","100.74","","31","","","","NA"
"-79.22","43.25","PORT WELLER (AUT)","6136699","2017-08-13 22:00","2017","08","13","22:00","25.1","","15.1","","54","","0.0","","21","","10","","","","100.69","","29","","","","NA"
"-79.22","43.25","PORT WELLER (AUT)","6136699","2017-08-13 23:00","2017","08","13","23:00","23.8","","15.0","","58","","0.0","","21","","8","","","","100.66","","28","","","","NA"
"-79.22","43.25","PORT WELLER (AUT)","6136699","2017-08-14 00:00","2017","08","14","00:00","22.9","","14.8","","60","","0.0","","20","","11","","","","100.66","","27","","","","NA"
"-79.22","43.25","PORT WELLER (AUT)","6136699","2017-08-14 01:00","2017","08","14","01:00","22.1","","14.5","","62","","0.0","","20","","10","","","","100.67","","26","","","","NA"
"-79.22","43.25","PORT WELLER (AUT)","6136699","2017-08-14 02:00","2017","08","14","02:00","21.7","","14.4","","63","","0.0","","21","","9","","","","100.70","","25","","","","NA"
"-79.22","43.25","PORT WELLER (AUT)","6136699","2017-08-14 03:00","2017","08","14","03:00","21.0","","14.3","","65","","0.0","","22","","8","","","","100.71","","25","","","","NA"
"-79.22","43.25","PORT WELLER (AUT)","6136699","2017-08-14 04:00","2017","08","14","04:00","20.2","","15.9","","76","","0.0","","22","","3","","","","100.70","","25","","","","NA"
"-79.22","43.25","PORT WELLER (AUT)","6136699","2017-08-14 05:00","2017","08","14","05:00","19.8","","15.3","","75","","0.0","","20","","6","","","","100.71","","","","","","NA"
"-79.22","43.25","PORT WELLER (AUT)","6136699","2017-08-14 06:00","2017","08","14","06:00","19.2","","14.2","","73","","0.0","","20","","7","","","","100.68","","","","","","NA"
"-79.22","43.25","PORT WELLER (AUT)","6136699","2017-08-14 07:00","2017","08","14","07:00","19.2","","14.2","","73","","0.0","","20","","7","","","","100.67","","","","","","NA"
"-79.22","43.25","PORT WELLER (AUT)","6136699","2017-08-14 08:00","2017","08","14","08:00","18.9","","14.0","","73","","0.0","","20","","7","","","","100.68","","","","","","NA"
"-79.22","43.25","PORT WELLER (AUT)","6136699","2017-08-14 09:00","2017","08","14","09:00","18.9","","14.4","","75","","0.0","","19","","6","","","","100.68","","","","","","NA"
"-79.22","43.25","PORT WELLER (AUT)","6136699","2017-08-14 10:00","2017","08","14","10:00","18.4","","14.7","","79","","0.0","","17","","6","","","","100.66","","","","","","NA"
"-79.22","43.25","PORT WELLER (AUT)","6136699","2017-08-14 11:00","2017","08","14","11:00","18.9","","14.8","","77","","0.0","","17","","7","","","","100.65","","","","","","NA"
"-79.22","43.25","PORT WELLER (AUT)","6136699","2017-08-14 12:00","2017","08","14","12:00","19.6","","15.2","","76","","0.0","","15","","4","","","","100.64","","","","","","NA"
"-79.22","43.25","PORT WELLER (AUT)","6136699","2017-08-14 13:00","2017","08","14","13:00","20.8","","15.8","","73","","0.0","","19","","3","","","","100.65","","25","","","","NA"
"-79.22","43.25","PORT WELLER (AUT)","6136699","2017-08-14 14:00","2017","08","14","14:00","22.6","","16.4","","68","","0.0","","31","","6","","","","100.62","","27","","","","NA"
"-79.22","43.25","PORT WELLER (AUT)","6136699","2017-08-14 15:00","2017","08","14","15:00","23.1","","15.7","","63","","0.0","","29","","4","","","","100.58","","28","","","","NA"
"-79.22","43.25","PORT WELLER (AUT)","6136699","2017-08-14 16:00","2017","08","14","16:00","23.6","","16.2","","63","","0.0","","35","","10","","","","100.54","","28","","","","NA"
"-79.22","43.25","PORT WELLER (AUT)","6136699","2017-08-14 17:00","2017","08","14","17:00","23.0","","17.8","","72","","0.0","","3","","14","","","","100.49","","29","","","","NA"
"-79.22","43.25","PORT WELLER (AUT)","6136699","2017-08-14 18:00","2017","08","14","18:00","23.3","","17.6","","70","","0.0","","3","","17","","","","100.43","","29","","","","NA"
"-79.22","43.25","PORT WELLER (AUT)","6136699","2017-08-14 19:00","2017","08","14","19:00","23.4","","17.9","","71","","0.0","","5","","18","","","","100.38","","29","","","","NA"
"-79.22","43.25","PORT WELLER (AUT)","6136699","2017-08-14 20:00","2017","08","14","20:00","22.8","","17.3","","71","","0.0","","6","","20","","","","100.35","","28","","","","NA"
"-79.22","43.25","PORT WELLER (AUT)","6136699","2017-08-14 21:00","2017","08","14","21:00","22.9","","17.3","","71","","0.0","","6","","21","","","","100.26","","28","","","","NA"
"-79.22","43.25","PORT WELLER (AUT)","6136699","2017-08-14 22:00","2017","08","14","22:00","22.7","","18.0","","75","","0.0","","7","","20","","","","100.20","","29","","","","NA"
"-79.22","43.25","PORT WELLER (AUT)","6136699","2017-08-14 23:00","2017","08","14","23:00","22.8","","17.9","","74","","0.0","","7","","17","","","","100.15","","29","","","","NA"
"-79.22","43.25","PORT WELLER (AUT)","6136699","2017-08-15 00:00","2017","08","15","00:00","22.6","","18.9","","79","","0.0","","8","","18","","","","100.14","","29","","","","NA"
"-79.22","43.25","PORT WELLER (AUT)","6136699","2017-08-15 01:00","2017","08","15","01:00","22.1","","18.8","","82","","0.0","","13","","6","","","","100.15","","29","","","","NA"
"-79.22","43.25","PORT WELLER (AUT)","6136699","2017-08-15 02:00","2017","08","15","02:00","21.3","","18.5","","85","","0.0","","17","","6","","","","100.14","","28","","","","NA"
"-79.22","43.25","PORT WELLER (AUT)","6136699","2017-08-15 03:00","2017","08","15","03:00","20.5","","18.2","","87","","0.0","","","","0","","","","100.13","","27","","","","NA"
"-79.22","43.25","PORT WELLER (AUT)","6136699","2017-08-15 04:00","2017","08","15","04:00","20.2","","16.6","","80","","0.0","","21","","5","","","","100.13","","25","","","","NA"
"-79.22","43.25","PORT WELLER (AUT)","6136699","2017-08-15 05:00","2017","08","15","05:00","20.6","","16.0","","75","","0.0","","21","","5","","","","100.13","","25","","","","NA"
"-79.22","43.25","PORT WELLER (AUT)","6136699","2017-08-15 06:00","2017","08","15","06:00","19.6","","15.7","","78","","0.0","","21","","4","","","","100.11","","","","","","NA"
"-79.22","43.25","PORT WELLER (AUT)","6136699","2017-08-15 07:00","2017","08","15","07:00","19.3","","16.2","","82","","0.0","","","","0","","","","100.12","","","","","","NA"
"-79.22","43.25","PORT WELLER (AUT)","6136699","2017-08-15 08:00","2017","08","15","08:00","19.3","","16.7","","85","","0.0","","","","0","","","","100.13","","","","","","NA"
"-79.22","43.25","PORT WELLER (AUT)","6136699","2017-08-15 09:00","2017","08","15","09:00","19.9","","16.5","","81","","0.0","","30","","26","","","","100.12","","","","","","NA"
"-79.22","43.25","PORT WELLER (AUT)","6136699","2017-08-15 10:00","2017","08","15","10:00","20.0","","17.4","","85","","0.0","","25","","7","","","","100.12","","26","","","","NA"
"-79.22","43.25","PORT WELLER (AUT)","6136699","2017-08-15 11:00","2017","08","15","11:00","18.6","","16.8","","89","","0.0","","19","","10","","","","100.12","","","","","","NA"
"-79.22","43.25","PORT WELLER (AUT)","6136699","2017-08-15 12:00","2017","08","15","12:00","20.1","","16.6","","80","","0.0","","15","","3","","","","100.09","","25","","","","NA"
"-79.22","43.25","PORT WELLER (AUT)","6136699","2017-08-15 13:00","2017","08","15","13:00","22.2","","17.0","","72","","0.0","","18","","11","","","","100.09","","27","","","","NA"
"-79.22","43.25","PORT WELLER (AUT)","6136699","2017-08-15 14:00","2017","08","15","14:00","24.7","","18.1","","67","","0.0","","21","","5","","","","100.14","","31","","","","NA"
"-79.22","43.25","PORT WELLER (AUT)","6136699","2017-08-15 15:00","2017","08","15","15:00","23.1","","18.3","","75","","0.0","","36","","12","","","","100.16","","29","","","","NA"
"-79.22","43.25","PORT WELLER (AUT)","6136699","2017-08-15 16:00","2017","08","15","16:00","22.3","","18.2","","78","","0.0","","36","","15","","","","100.16","","28","","","","NA"
"-79.22","43.25","PORT WELLER (AUT)","6136699","2017-08-15 17:00","2017","08","15","17:00","22.1","","18.4","","80","","0.0","","32","","8","","","","100.18","","28","","","","NA"
"-79.22","43.25","PORT WELLER (AUT)","6136699","2017-08-15 18:00","2017","08","15","18:00","24.4","","19.1","","72","","0.0","","28","","9","","","","100.21","","31","","","","NA"
"-79.22","43.25","PORT WELLER (AUT)","6136699","2017-08-15 19:00","2017","08","15","19:00","23.7","","17.9","","70","","0.0","","18","","5","","","","100.20","","30","","","","NA"
"-79.22","43.25","PORT WELLER (AUT)","6136699","2017-08-15 20:00","2017","08","15","20:00","24.1","","17.8","","68","","0.0","","19","","6","","","","100.16","","30","","","","NA"
"-79.22","43.25","PORT WELLER (AUT)","6136699","2017-08-15 21:00","2017","08","15","21:00","25.1","","18.1","","65","","0.0","","","","0","","","","100.15","","31","","","","NA"
"-79.22","43.25","PORT WELLER (AUT)","6136699","2017-08-15 22:00","2017","08","15","22:00","24.4","","18.2","","68","","0.0","","4","","6","","","","100.19","","31","","","","NA"
"-79.22","43.25","PORT WELLER (AUT)","6136699","2017-08-15 23:00","2017","08","15","23:00","23.6","","18.0","","71","","0.0","","9","","8","","","","100.19","","30","","","","NA"
"-79.22","43.25","PORT WELLER (AUT)","6136699","2017-08-16 00:00","2017","08","16","00:00","23.1","","18.5","","76","","0.0","","","","0","","","","100.24","","29","","","","NA"
"-79.22","43.25","PORT WELLER (AUT)","6136699","2017-08-16 01:00","2017","08","16","01:00","21.6","","19.4","","87","","0.0","","","","0","","","","100.27","","29","","","","NA"
"-79.22","43.25","PORT WELLER (AUT)","6136699","2017-08-16 02:00","2017","08","16","02:00","21.6","","19.8","","89","","0.0","","32","","6","","","","100.36","","29","","","","NA"
"-79.22","43.25","PORT WELLER (AUT)","6136699","2017-08-16 03:00","2017","08","16","03:00","21.8","","19.5","","87","","0.0","","34","","15","","","","100.40","","29","","","","NA"
"-79.22","43.25","PORT WELLER (AUT)","6136699","2017-08-16 04:00","2017","08","16","04:00","21.3","","17.2","","77","","0.0","","36","","22","","","","100.46","","27","","","","NA"
"-79.22","43.25","PORT WELLER (AUT)","6136699","2017-08-16 05:00","2017","08","16","05:00","20.9","","16.2","","74","","0.0","","36","","19","","","","100.53","","26","","","","NA"
"-79.22","43.25","PORT WELLER (AUT)","6136699","2017-08-16 06:00","2017","08","16","06:00","20.0","","15.9","","77","","0.0","","35","","15","","","","100.52","","25","","","","NA"
"-79.22","43.25","PORT WELLER (AUT)","6136699","2017-08-16 07:00","2017","08","16","07:00","20.3","","16.6","","79","","0.0","","33","","13","","","","100.58","","25","","","","NA"
"-79.22","43.25","PORT WELLER (AUT)","6136699","2017-08-16 08:00","2017","08","16","08:00","19.4","","16.6","","84","","0.0","","35","","11","","","","100.57","","","","","","NA"
"-79.22","43.25","PORT WELLER (AUT)","6136699","2017-08-16 09:00","2017","08","16","09:00","19.2","","16.9","","87","","0.0","","35","","11","","","","100.65","","","","","","NA"
"-79.22","43.25","PORT WELLER (AUT)","6136699","2017-08-16 10:00","2017","08","16","10:00","19.3","","17.3","","89","","0.0","","35","","12","","","","100.71","","","","","","NA"
"-79.22","43.25","PORT WELLER (AUT)","6136699","2017-08-16 11:00","2017","08","16","11:00","20.6","","16.9","","79","","0.0","","4","","12","","","","100.78","","26","","","","NA"
"-79.22","43.25","PORT WELLER (AUT)","6136699","2017-08-16 12:00","2017","08","16","12:00","21.0","","17.2","","79","","0.0","","5","","12","","","","100.81","","26","","","","NA"
"-79.22","43.25","PORT WELLER (AUT)","6136699","2017-08-16 13:00","2017","08","16","13:00","21.1","","16.8","","77","","0.0","","11","","8","","","","100.88","","26","","","","NA"
"-79.22","43.25","PORT WELLER (AUT)","6136699","2017-08-16 14:00","2017","08","16","14:00","21.7","","16.4","","72","","0.0","","6","","5","","","","100.89","","27","","","","NA"
"-79.22","43.25","PORT WELLER (AUT)","6136699","2017-08-16 15:00","2017","08","16","15:00","21.4","","17.3","","78","","0.0","","6","","24","","","","100.92","","27","","","","NA"
"-79.22","43.25","PORT WELLER (AUT)","6136699","2017-08-16 16:00","2017","08","16","16:00","21.4","","16.9","","76","","0.0","","6","","22","","","","100.95","","27","","","","NA"
"-79.22","43.25","PORT WELLER (AUT)","6136699","2017-08-16 17:00","2017","08","16","17:00","21.2","","16.3","","74","","0.0","","6","","22","","","","100.93","","26","","","","NA"
"-79.22","43.25","PORT WELLER (AUT)","6136699","2017-08-16 18:00","2017","08","16","18:00","21.2","","16.1","","73","","0.0","","6","","20","","","","100.92","","26","","","","NA"
"-79.22","43.25","PORT WELLER (AUT)","6136699","2017-08-16 19:00","2017","08","16","19:00","21.4","","15.6","","70","","0.0","","6","","18","","","","100.89","","26","","","","NA"
"-79.22","43.25","PORT WELLER (AUT)","6136699","2017-08-16 20:00","2017","08","16","20:00","21.5","","15.9","","71","","0.0","","6","","19","","","","100.85","","26","","","","NA"
"-79.22","43.25","PORT WELLER (AUT)","6136699","2017-08-16 21:00","2017","08","16","21:00","21.5","","16.3","","72","","0.0","","7","","16","","","","100.82","","26","","","","NA"
"-79.22","43.25","PORT WELLER (AUT)","6136699","2017-08-16 22:00","2017","08","16","22:00","21.6","","16.2","","72","","0.0","","7","","14","","","","100.79","","26","","","","NA"
"-79.22","43.25","PORT WELLER (AUT)","6136699","2017-08-16 23:00","2017","08","16","23:00","21.4","","16.7","","75","","0.0","","8","","14","","","","100.77","","26","","","","NA"
"-79.22","43.25","PORT WELLER (AUT)","6136699","2017-08-17 00:00","2017","08","17","00:00","21.7","","16.2","","71","","0.0","","9","","13","","","","100.74","","26","","","","NA"
"-79.22","43.25","PORT WELLER (AUT)","6136699","2017-08-17 01:00","2017","08","17","01:00","20.9","","16.5","","76","","0.0","","9","","9","","","","100.77","","26","","","","NA"
"-79.22","43.25","PORT WELLER (AUT)","6136699","2017-08-17 02:00","2017","08","17","02:00","20.9","","16.5","","76","","0.0","","11","","12","","","","100.78","","26","","","","NA"
"-79.22","43.25","PORT WELLER (AUT)","6136699","2017-08-17 03:00","2017","08","17","03:00","20.4","","16.3","","77","","0.0","","12","","10","","","","100.82","","25","","","","NA"
"-79.22","43.25","PORT WELLER (AUT)","6136699","2017-08-17 04:00","2017","08","17","04:00","19.7","","16.0","","79","","0.0","","15","","9","","","","100.81","","","","","","NA"
"-79.22","43.25","PORT WELLER (AUT)","6136699","2017-08-17 05:00","2017","08","17","05:00","19.4","","15.8","","79","","0.0","","16","","9","","","","100.82","","","","","","NA"
"-79.22","43.25","PORT WELLER (AUT)","6136699","2017-08-17 06:00","2017","08","17","06:00","19.0","","15.5","","80","","0.0","","14","","10","","","","100.77","","","","","","NA"
"-79.22","43.25","PORT WELLER (AUT)","6136699","2017-08-17 07:00","2017","08","17","07:00","18.9","","15.0","","78","","0.0","","15","","12","","","","100.72","","","","","","NA"
"-79.22","43.25","PORT WELLER (AUT)","6136699","2017-08-17 08:00","2017","08","17","08:00","18.4","","15.0","","81","","0.0","","13","","7","","","","100.69","","","","","","NA"
"-79.22","43.25","PORT WELLER (AUT)","6136699","2017-08-17 09:00","2017","08","17","09:00","18.2","","14.8","","81","","0.0","","12","","11","","","","100.64","","","","","","NA"
"-79.22","43.25","PORT WELLER (AUT)","6136699","2017-08-17 10:00","2017","08","17","10:00","17.1","","14.4","","84","","0.0","","14","","5","","","","100.69","","","","","","NA"
"-79.22","43.25","PORT WELLER (AUT)","6136699","2017-08-17 11:00","2017","08","17","11:00","17.3","","14.4","","83","","0.0","","13","","10","","","","100.66","","","","","","NA"
"-79.22","43.25","PORT WELLER (AUT)","6136699","2017-08-17 12:00","2017","08","17","12:00","18.4","","15.0","","81","","0.0","","15","","9","","","","100.67","","","","","","NA"
"-79.22","43.25","PORT WELLER (AUT)","6136699","2017-08-17 13:00","2017","08","17","13:00","20.0","","16.2","","79","","0.0","","11","","5","","","","100.63","","25","","","","NA"
"-79.22","43.25","PORT WELLER (AUT)","6136699","2017-08-17 14:00","2017","08","17","14:00","22.3","","16.9","","72","","0.0","","11","","6","","","","100.58","","28","","","","NA"
"-79.22","43.25","PORT WELLER (AUT)","6136699","2017-08-17 15:00","2017","08","17","15:00","21.9","","16.5","","71","","0.0","","8","","10","","","","100.54","","27","","","","NA"
"-79.22","43.25","PORT WELLER (AUT)","6136699","2017-08-17 16:00","2017","08","17","16:00","20.9","","17.7","","82","","0.0","","6","","16","","","","100.49","","27","","","","NA"
"-79.22","43.25","PORT WELLER (AUT)","6136699","2017-08-17 17:00","2017","08","17","17:00","21.1","","18.2","","83","","0.0","","6","","20","","","","100.40","","27","","","","NA"
"-79.22","43.25","PORT WELLER (AUT)","6136699","2017-08-17 18:00","2017","08","17","18:00","20.6","","17.8","","84","","0.0","","7","","25","","","","100.31","","26","","","","NA"
"-79.22","43.25","PORT WELLER (AUT)","6136699","2017-08-17 19:00","2017","08","17","19:00","20.1","","17.4","","85","","0.0","","7","","26","","","","100.23","","26","","","","NA"
"-79.22","43.25","PORT WELLER (AUT)","6136699","2017-08-17 20:00","2017","08","17","20:00","19.7","","17.5","","87","","0.0","","6","","22","","","","100.15","","","","","","NA"
"-79.22","43.25","PORT WELLER (AUT)","6136699","2017-08-17 21:00","2017","08","17","21:00","19.4","","17.2","","87","","0.0","","7","","24","","","","100.05","","","","","","NA"
"-79.22","43.25","PORT WELLER (AUT)","6136699","2017-08-17 22:00","2017","08","17","22:00","18.6","","16.9","","90","","0.0","","8","","21","","","","99.98","","","","","","NA"
"-79.22","43.25","PORT WELLER (AUT)","6136699","2017-08-17 23:00","2017","08","17","23:00","20.0","","18.2","","89","","0.2","","19","","5","","","","99.96","","26","","","","NA"
"-79.22","43.25","PORT WELLER (AUT)","6136699","2017-08-18 00:00","2017","08","18","00:00","19.5","","18.3","","93","","0.0","","9","","10","","","","99.88","","","","","","NA"
"-79.22","43.25","PORT WELLER (AUT)","6136699","2017-08-18 01:00","2017","08","18","01:00","21.8","","20.3","","92","","0.4","","16","","12","","","","99.86","","30","","","","NA"
"-79.22","43.25","PORT WELLER (AUT)","6136699","2017-08-18 02:00","2017","08","18","02:00","22.3","","21.0","","92","","7.6","","16","","15","","","","99.81","","31","","","","NA"
"-79.22","43.25","PORT WELLER (AUT)","6136699","2017-08-18 03:00","2017","08","18","03:00","22.4","","20.7","","90","","0.0","","18","","16","","","","99.74","","31","","","","NA"
"-79.22","43.25","PORT WELLER (AUT)","6136699","2017-08-18 04:00","2017","08","18","04:00","22.4","","20.6","","90","","0.0","","18","","18","","","","99.69","","30","","","","NA"
"-79.22","43.25","PORT WELLER (AUT)","6136699","2017-08-18 05:00","2017","08","18","05:00","20.6","","19.2","","92","","0.0","","21","","10","","","","99.65","","28","","","","NA"
"-79.22","43.25","PORT WELLER (AUT)","6136699","2017-08-18 06:00","2017","08","18","06:00","22.2","","20.4","","90","","0.0","","20","","12","","","","99.60","","30","","","","NA"
"-79.22","43.25","PORT WELLER (AUT)","6136699","2017-08-18 07:00","2017","08","18","07:00","21.7","","19.9","","90","","0.0","","20","","13","","","","99.60","","29","","","","NA"
"-79.22","43.25","PORT WELLER (AUT)","6136699","2017-08-18 08:00","2017","08","18","08:00","22.4","","20.6","","90","","0.0","","20","","13","","","","99.59","","30","","","","NA"
"-79.22","43.25","PORT WELLER (AUT)","6136699","2017-08-18 09:00","2017","08","18","09:00","22.3","","20.4","","89","","0.0","","21","","12","","","","99.59","","30","","","","NA"
"-79.22","43.25","PORT WELLER (AUT)","6136699","2017-08-18 10:00","2017","08","18","10:00","22.0","","20.0","","89","","0.0","","21","","12","","","","99.65","","30","","","","NA"
"-79.22","43.25","PORT WELLER (AUT)","6136699","2017-08-18 11:00","2017","08","18","11:00","22.2","","19.7","","86","","0.0","","21","","11","","","","99.68","","30","","","","NA"
"-79.22","43.25","PORT WELLER (AUT)","6136699","2017-08-18 12:00","2017","08","18","12:00","23.2","","19.7","","81","","0.0","","21","","12","","","","99.69","","31","","","","NA"
"-79.22","43.25","PORT WELLER (AUT)","6136699","2017-08-18 13:00","2017","08","18","13:00","24.4","","19.9","","76","","0.0","","20","","14","","","","99.67","","32","","","","NA"
"-79.22","43.25","PORT WELLER (AUT)","6136699","2017-08-18 14:00","2017","08","18","14:00","25.0","","19.5","","71","","0.0","","21","","16","","","","99.66","","32","","","","NA"
"-79.22","43.25","PORT WELLER (AUT)","6136699","2017-08-18 15:00","2017","08","18","15:00","25.6","","19.5","","69","","0.0","","21","","14","","","","99.65","","33","","","","NA"
"-79.22","43.25","PORT WELLER (AUT)","6136699","2017-08-18 16:00","2017","08","18","16:00","26.0","","18.8","","65","","0.0","","21","","17","","","","99.65","","33","","","","NA"
"-79.22","43.25","PORT WELLER (AUT)","6136699","2017-08-18 17:00","2017","08","18","17:00","26.2","","18.7","","63","","0.0","","21","","16","","","","99.61","","33","","","","NA"
"-79.22","43.25","PORT WELLER (AUT)","6136699","2017-08-18 18:00","2017","08","18","18:00","26.2","","18.6","","63","","0.0","","21","","21","","","","99.61","","33","","","","NA"
"-79.22","43.25","PORT WELLER (AUT)","6136699","2017-08-18 19:00","2017","08","18","19:00","25.5","","18.3","","64","","0.0","","23","","4","","","","99.63","","32","","","","NA"
"-79.22","43.25","PORT WELLER (AUT)","6136699","2017-08-18 20:00","2017","08","18","20:00","23.3","","18.2","","73","","0.0","","22","","7","","","","99.63","","29","","","","NA"
"-79.22","43.25","PORT WELLER (AUT)","6136699","2017-08-18 21:00","2017","08","18","21:00","21.3","","18.0","","82","","0.0","","25","","6","","","","99.66","","27","","","","NA"
"-79.22","43.25","PORT WELLER (AUT)","6136699","2017-08-18 22:00","2017","08","18","22:00","21.5","","17.8","","80","","0.0","","","","0","","","","99.69","","27","","","","NA"
"-79.22","43.25","PORT WELLER (AUT)","6136699","2017-08-18 23:00","2017","08","18","23:00","21.4","","17.2","","77","","0.0","","26","","12","","","","99.73","","27","","","","NA"
"-79.22","43.25","PORT WELLER (AUT)","6136699","2017-08-19 00:00","2017","08","19","00:00","20.6","","17.4","","82","","0.0","","","","0","","","","99.78","","26","","","","NA"
"-79.22","43.25","PORT WELLER (AUT)","6136699","2017-08-19 01:00","2017","08","19","01:00","20.8","","16.9","","78","","0.0","","","","0","","","","99.83","","26","","","","NA"
"-79.22","43.25","PORT WELLER (AUT)","6136699","2017-08-19 02:00","2017","08","19","02:00","20.2","","17.2","","83","","0.0","","","","0","","","","99.87","","26","","","","NA"
"-79.22","43.25","PORT WELLER (AUT)","6136699","2017-08-19 03:00","2017","08","19","03:00","20.6","","17.3","","82","","0.0","","","","0","","","","99.91","","26","","","","NA"
"-79.22","43.25","PORT WELLER (AUT)","6136699","2017-08-19 04:00","2017","08","19","04:00","20.2","","17.3","","83","","0.0","","","","0","","","","99.95","","26","","","","NA"
"-79.22","43.25","PORT WELLER (AUT)","6136699","2017-08-19 05:00","2017","08","19","05:00","20.6","","17.1","","81","","0.0","","23","","3","","","","100.01","","26","","","","NA"
"-79.22","43.25","PORT WELLER (AUT)","6136699","2017-08-19 06:00","2017","08","19","06:00","19.9","","17.0","","84","","0.0","","","","0","","","","99.99","","","","","","NA"
"-79.22","43.25","PORT WELLER (AUT)","6136699","2017-08-19 07:00","2017","08","19","07:00","19.3","","16.9","","86","","0.0","","","","0","","","","99.96","","","","","","NA"
"-79.22","43.25","PORT WELLER (AUT)","6136699","2017-08-19 08:00","2017","08","19","08:00","19.5","","17.1","","86","","0.0","","","","0","","","","99.91","","","","","","NA"
"-79.22","43.25","PORT WELLER (AUT)","6136699","2017-08-19 09:00","2017","08","19","09:00","19.2","","16.7","","86","","0.0","","","","0","","","","99.93","","","","","","NA"
"-79.22","43.25","PORT WELLER (AUT)","6136699","2017-08-19 10:00","2017","08","19","10:00","18.7","","16.5","","87","","0.0","","","","0","","","","99.97","","","","","","NA"
"-79.22","43.25","PORT WELLER (AUT)","6136699","2017-08-19 11:00","2017","08","19","11:00","18.6","","16.2","","86","","0.0","","","","0","","","","100.02","","","","","","NA"
"-79.22","43.25","PORT WELLER (AUT)","6136699","2017-08-19 12:00","2017","08","19","12:00","20.0","","16.0","","78","","0.0","","","","0","","","","100.07","","25","","","","NA"
"-79.22","43.25","PORT WELLER (AUT)","6136699","2017-08-19 13:00","2017","08","19","13:00","21.5","","16.0","","71","","0.0","","","","0","","","","100.09","","26","","","","NA"
"-79.22","43.25","PORT WELLER (AUT)","6136699","2017-08-19 14:00","2017","08","19","14:00","21.3","","16.2","","73","","0.0","","25","","4","","","","100.11","","26","","","","NA"
"-79.22","43.25","PORT WELLER (AUT)","6136699","2017-08-19 15:00","2017","08","19","15:00","22.8","","16.1","","66","","0.0","","26","","7","","","","100.12","","27","","","","NA"
"-79.22","43.25","PORT WELLER (AUT)","6136699","2017-08-19 16:00","2017","08","19","16:00","23.0","","16.1","","65","","0.0","","","","0","","","","100.11","","28","","","","NA"
"-79.22","43.25","PORT WELLER (AUT)","6136699","2017-08-19 17:00","2017","08","19","17:00","23.0","","16.4","","66","","0.0","","","","0","","","","100.08","","28","","","","NA"
"-79.22","43.25","PORT WELLER (AUT)","6136699","2017-08-19 18:00","2017","08","19","18:00","22.4","","18.4","","78","","0.0","","28","","22","","","","100.09","","29","","","","NA"
"-79.22","43.25","PORT WELLER (AUT)","6136699","2017-08-19 19:00","2017","08","19","19:00","24.6","","18.3","","68","","0.0","","27","","18","","","","100.06","","31","","","","NA"
"-79.22","43.25","PORT WELLER (AUT)","6136699","2017-08-19 20:00","2017","08","19","20:00","24.8","","16.8","","61","","0.0","","28","","27","","","","100.05","","30","","","","NA"
"-79.22","43.25","PORT WELLER (AUT)","6136699","2017-08-19 21:00","2017","08","19","21:00","24.1","","16.8","","63","","0.0","","28","","32","","","","100.08","","29","","","","NA"
"-79.22","43.25","PORT WELLER (AUT)","6136699","2017-08-19 22:00","2017","08","19","22:00","21.7","","16.5","","72","","0.0","","27","","28","","","","100.11","","27","","","","NA"
"-79.22","43.25","PORT WELLER (AUT)","6136699","2017-08-19 23:00","2017","08","19","23:00","21.1","","15.9","","72","","0.0","","28","","29","","","","100.17","","26","","","","NA"
"-79.22","43.25","PORT WELLER (AUT)","6136699","2017-08-20 00:00","2017","08","20","00:00","20.8","","16.3","","76","","0.0","","28","","28","","","","100.24","","26","","","","NA"
"-79.22","43.25","PORT WELLER (AUT)","6136699","2017-08-20 01:00","2017","08","20","01:00","20.4","","16.1","","77","","0.0","","29","","24","","","","100.32","","25","","","","NA"
"-79.22","43.25","PORT WELLER (AUT)","6136699","2017-08-20 02:00","2017","08","20","02:00","20.2","","16.9","","81","","0.0","","26","","9","","","","100.38","","25","","","","NA"
"-79.22","43.25","PORT WELLER (AUT)","6136699","2017-08-20 03:00","2017","08","20","03:00","20.0","","15.6","","76","","0.0","","28","","27","","","","100.41","","","","","","NA"
"-79.22","43.25","PORT WELLER (AUT)","6136699","2017-08-20 04:00","2017","08","20","04:00","19.3","","15.9","","81","","0.0","","25","","4","","","","100.49","","","","","","NA"
"-79.22","43.25","PORT WELLER (AUT)","6136699","2017-08-20 05:00","2017","08","20","05:00","18.8","","15.7","","82","","0.0","","26","","3","","","","100.54","","","","","","NA"
"-79.22","43.25","PORT WELLER (AUT)","6136699","2017-08-20 06:00","2017","08","20","06:00","18.3","","14.3","","78","","0.0","","21","","7","","","","100.58","","","","","","NA"
"-79.22","43.25","PORT WELLER (AUT)","6136699","2017-08-20 07:00","2017","08","20","07:00","18.2","","15.5","","85","","0.0","","","","0","","","","100.60","","","","","","NA"
"-79.22","43.25","PORT WELLER (AUT)","6136699","2017-08-20 08:00","2017","08","20","08:00","18.1","","14.3","","79","","0.0","","19","","7","","","","100.64","","","","","","NA"
"-79.22","43.25","PORT WELLER (AUT)","6136699","2017-08-20 09:00","2017","08","20","09:00","18.3","","14.5","","79","","0.0","","20","","6","","","","100.65","","","","","","NA"
"-79.22","43.25","PORT WELLER (AUT)","6136699","2017-08-20 10:00","2017","08","20","10:00","18.0","","14.0","","78","","0.0","","19","","7","","","","100.70","","","","","","NA"
"-79.22","43.25","PORT WELLER (AUT)","6136699","2017-08-20 11:00","2017","08","20","11:00","18.5","","15.0","","80","","0.0","","21","","7","","","","100.77","","","","","","NA"
"-79.22","43.25","PORT WELLER (AUT)","6136699","2017-08-20 12:00","2017","08","20","12:00","20.1","","15.8","","77","","0.0","","","","0","","","","100.78","","25","","","","NA"
"-79.22","43.25","PORT WELLER (AUT)","6136699","2017-08-20 13:00","2017","08","20","13:00","21.6","","16.3","","72","","0.0","","","","0","","","","100.80","","26","","","","NA"
"-79.22","43.25","PORT WELLER (AUT)","6136699","2017-08-20 14:00","2017","08","20","14:00","22.5","","16.8","","70","","0.0","","","","0","","","","100.84","","28","","","","NA"
"-79.22","43.25","PORT WELLER (AUT)","6136699","2017-08-20 15:00","2017","08","20","15:00","22.5","","17.1","","71","","0.0","","","","0","","","","100.91","","28","","","","NA"
"-79.22","43.25","PORT WELLER (AUT)","6136699","2017-08-20 16:00","2017","08","20","16:00","24.1","","17.7","","67","","0.0","","21","","3","","","","100.89","","30","","","","NA"
"-79.22","43.25","PORT WELLER (AUT)","6136699","2017-08-20 17:00","2017","08","20","17:00","25.0","","17.3","","62","","0.0","","","","0","","","","100.89","","30","","","","NA"
"-79.22","43.25","PORT WELLER (AUT)","6136699","2017-08-20 18:00","2017","08","20","18:00","26.7","","19.0","","63","","0.0","","27","","9","","","","100.90","","33","","","","NA"
"-79.22","43.25","PORT WELLER (AUT)","6136699","2017-08-20 19:00","2017","08","20","19:00","27.0","","18.9","","61","","0.0","","26","","6","","","","100.88","","34","","","","NA"
"-79.22","43.25","PORT WELLER (AUT)","6136699","2017-08-20 20:00","2017","08","20","20:00","27.3","","18.9","","60","","0.0","","","","0","","","","100.83","","34","","","","NA"
"-79.22","43.25","PORT WELLER (AUT)","6136699","2017-08-20 21:00","2017","08","20","21:00","26.6","","18.1","","60","","0.0","","21","","10","","","","100.79","","33","","","","NA"
"-79.22","43.25","PORT WELLER (AUT)","6136699","2017-08-20 22:00","2017","08","20","22:00","25.9","","17.8","","61","","0.0","","21","","9","","","","100.79","","32","","","","NA"
"-79.22","43.25","PORT WELLER (AUT)","6136699","2017-08-20 23:00","2017","08","20","23:00","25.2","","16.9","","60","","0.0","","21","","11","","","","100.80","","30","","","","NA"
"-79.22","43.25","PORT WELLER (AUT)","6136699","2017-08-21 00:00","2017","08","21","00:00","23.9","","16.3","","62","","0.0","","20","","11","","","","100.83","","29","","","","NA"
"-79.22","43.25","PORT WELLER (AUT)","6136699","2017-08-21 01:00","2017","08","21","01:00","23.0","","15.6","","63","","0.0","","21","","9","","","","100.90","","27","","","","NA"
"-79.22","43.25","PORT WELLER (AUT)","6136699","2017-08-21 02:00","2017","08","21","02:00","22.4","","15.5","","65","","0.0","","21","","9","","","","100.95","","27","","","","NA"
"-79.22","43.25","PORT WELLER (AUT)","6136699","2017-08-21 03:00","2017","08","21","03:00","22.0","","14.9","","64","","0.0","","20","","9","","","","100.95","","26","","","","NA"
"-79.22","43.25","PORT WELLER (AUT)","6136699","2017-08-21 04:00","2017","08","21","04:00","21.5","","15.1","","67","","0.0","","20","","9","","","","100.95","","26","","","","NA"
"-79.22","43.25","PORT WELLER (AUT)","6136699","2017-08-21 05:00","2017","08","21","05:00","21.9","","16.1","","70","","0.0","","19","","13","","","","100.96","","27","","","","NA"
"-79.22","43.25","PORT WELLER (AUT)","6136699","2017-08-21 06:00","2017","08","21","06:00","21.2","","16.6","","75","","0.0","","19","","6","","","","100.94","","26","","","","NA"
"-79.22","43.25","PORT WELLER (AUT)","6136699","2017-08-21 07:00","2017","08","21","07:00","20.6","","17.5","","83","","0.0","","17","","6","","","","100.93","","26","","","","NA"
"-79.22","43.25","PORT WELLER (AUT)","6136699","2017-08-21 08:00","2017","08","21","08:00","21.7","","16.7","","73","","0.0","","20","","8","","","","100.92","","27","","","","NA"
"-79.22","43.25","PORT WELLER (AUT)","6136699","2017-08-21 09:00","2017","08","21","09:00","20.9","","18.1","","84","","0.0","","25","","4","","","","100.95","","27","","","","NA"
"-79.22","43.25","PORT WELLER (AUT)","6136699","2017-08-21 10:00","2017","08","21","10:00","20.5","","17.9","","85","","0.0","","20","","6","","","","100.93","","26","","","","NA"
"-79.22","43.25","PORT WELLER (AUT)","6136699","2017-08-21 11:00","2017","08","21","11:00","21.6","","17.9","","80","","0.0","","18","","14","","","","100.91","","28","","","","NA"
"-79.22","43.25","PORT WELLER (AUT)","6136699","2017-08-21 12:00","2017","08","21","12:00","23.5","","17.9","","71","","0.0","","19","","12","","","","100.98","","29","","","","NA"
"-79.22","43.25","PORT WELLER (AUT)","6136699","2017-08-21 13:00","2017","08","21","13:00","24.6","","18.3","","68","","0.0","","21","","8","","","","100.98","","31","","","","NA"
"-79.22","43.25","PORT WELLER (AUT)","6136699","2017-08-21 14:00","2017","08","21","14:00","25.1","","19.2","","70","","0.0","","","","0","","","","100.95","","32","","","","NA"
"-79.22","43.25","PORT WELLER (AUT)","6136699","2017-08-21 15:00","2017","08","21","15:00","26.4","","19.0","","64","","0.0","","20","","3","","","","100.93","","33","","","","NA"
"-79.22","43.25","PORT WELLER (AUT)","6136699","2017-08-21 16:00","2017","08","21","16:00","26.3","","19.4","","66","","0.0","","30","","4","","","","100.92","","33","","","","NA"
"-79.22","43.25","PORT WELLER (AUT)","6136699","2017-08-21 17:00","2017","08","21","17:00","27.4","","20.7","","67","","0.0","","31","","3","","","","100.89","","36","","","","NA"
"-79.22","43.25","PORT WELLER (AUT)","6136699","2017-08-21 18:00","2017","08","21","18:00","26.7","","20.2","","67","","0.0","","33","","3","","","","100.86","","34","","","","NA"
"-79.22","43.25","PORT WELLER (AUT)","6136699","2017-08-21 19:00","2017","08","21","19:00","26.8","","20.2","","67","","0.0","","20","","3","","","","100.80","","35","","","","NA"
"-79.22","43.25","PORT WELLER (AUT)","6136699","2017-08-21 20:00","2017","08","21","20:00","29.3","","22.0","","65","","0.0","","21","","3","","","","100.79","","39","","","","NA"
"-79.22","43.25","PORT WELLER (AUT)","6136699","2017-08-21 21:00","2017","08","21","21:00","28.7","","20.7","","62","","0.0","","","","0","","","","100.75","","37","","","","NA"
"-79.22","43.25","PORT WELLER (AUT)","6136699","2017-08-21 22:00","2017","08","21","22:00","28.7","","20.0","","60","","0.0","","20","","8","","","","100.71","","36","","","","NA"
"-79.22","43.25","PORT WELLER (AUT)","6136699","2017-08-21 23:00","2017","08","21","23:00","26.9","","18.6","","60","","0.0","","21","","9","","","","100.72","","33","","","","NA"
"-79.22","43.25","PORT WELLER (AUT)","6136699","2017-08-22 00:00","2017","08","22","00:00","26.1","","18.5","","63","","0.0","","19","","12","","","","100.67","","32","","","","NA"
"-79.22","43.25","PORT WELLER (AUT)","6136699","2017-08-22 01:00","2017","08","22","01:00","24.6","","18.9","","71","","0.0","","18","","9","","","","100.67","","31","","","","NA"
"-79.22","43.25","PORT WELLER (AUT)","6136699","2017-08-22 02:00","2017","08","22","02:00","23.6","","19.5","","78","","0.0","","18","","11","","","","100.64","","31","","","","NA"
"-79.22","43.25","PORT WELLER (AUT)","6136699","2017-08-22 03:00","2017","08","22","03:00","23.0","","19.7","","82","","0.0","","17","","10","","","","100.60","","30","","","","NA"
"-79.22","43.25","PORT WELLER (AUT)","6136699","2017-08-22 04:00","2017","08","22","04:00","23.1","","19.5","","81","","0.0","","19","","9","","","","100.53","","30","","","","NA"
"-79.22","43.25","PORT WELLER (AUT)","6136699","2017-08-22 05:00","2017","08","22","05:00","23.6","","19.5","","78","","0.0","","17","","13","","","","100.47","","31","","","","NA"
"-79.22","43.25","PORT WELLER (AUT)","6136699","2017-08-22 06:00","2017","08","22","06:00","24.2","","19.4","","75","","0.0","","18","","18","","","","100.40","","31","","","","NA"
"-79.22","43.25","PORT WELLER (AUT)","6136699","2017-08-22 07:00","2017","08","22","07:00","24.7","","19.9","","75","","0.0","","19","","23","","","","100.28","","32","","","","NA"
"-79.22","43.25","PORT WELLER (AUT)","6136699","2017-08-22 08:00","2017","08","22","08:00","24.6","","20.6","","78","","0.0","","20","","12","","","","100.20","","33","","","","NA"
"-79.22","43.25","PORT WELLER (AUT)","6136699","2017-08-22 09:00","2017","08","22","09:00","24.8","","20.6","","78","","0.0","","20","","16","","","","100.10","","33","","","","NA"
"-79.22","43.25","PORT WELLER (AUT)","6136699","2017-08-22 10:00","2017","08","22","10:00","24.8","","20.5","","77","","0.0","","21","","14","","","","100.07","","33","","","","NA"
"-79.22","43.25","PORT WELLER (AUT)","6136699","2017-08-22 11:00","2017","08","22","11:00","24.8","","20.3","","76","","0.0","","20","","16","","","","100.04","","33","","","","NA"
"-79.22","43.25","PORT WELLER (AUT)","6136699","2017-08-22 12:00","2017","08","22","12:00","25.8","","20.2","","72","","0.0","","20","","22","","","","99.95","","34","","","","NA"
"-79.22","43.25","PORT WELLER (AUT)","6136699","2017-08-22 13:00","2017","08","22","13:00","26.7","","19.9","","66","","0.0","","20","","22","","","","99.86","","34","","","","NA"
"-79.22","43.25","PORT WELLER (AUT)","6136699","2017-08-22 14:00","2017","08","22","14:00","26.3","","19.9","","68","","0.0","","21","","20","","","","99.83","","34","","","","NA"
"-79.22","43.25","PORT WELLER (AUT)","6136699","2017-08-22 15:00","2017","08","22","15:00","26.1","","20.1","","70","","0.0","","22","","12","","","","99.81","","34","","","","NA"
"-79.22","43.25","PORT WELLER (AUT)","6136699","2017-08-22 16:00","2017","08","22","16:00","25.8","","20.3","","72","","0.0","","21","","15","","","","99.77","","34","","","","NA"
"-79.22","43.25","PORT WELLER (AUT)","6136699","2017-08-22 17:00","2017","08","22","17:00","25.4","","20.6","","75","","0.0","","23","","10","","","","99.64","","33","","","","NA"
"-79.22","43.25","PORT WELLER (AUT)","6136699","2017-08-22 18:00","2017","08","22","18:00","25.9","","20.5","","72","","0.0","","21","","16","","","","99.55","","34","","","","NA"
"-79.22","43.25","PORT WELLER (AUT)","6136699","2017-08-22 19:00","2017","08","22","19:00","24.7","","20.1","","76","","1.0","","24","","7","","","","99.50","","32","","","","NA"
"-79.22","43.25","PORT WELLER (AUT)","6136699","2017-08-22 20:00","2017","08","22","20:00","24.4","","19.3","","73","","0.0","","25","","4","","","","99.49","","31","","","","NA"
"-79.22","43.25","PORT WELLER (AUT)","6136699","2017-08-22 21:00","2017","08","22","21:00","25.8","","19.6","","69","","0.0","","24","","3","","","","99.46","","33","","","","NA"
"-79.22","43.25","PORT WELLER (AUT)","6136699","2017-08-22 22:00","2017","08","22","22:00","24.1","","19.4","","75","","0.0","","","","0","","","","99.47","","31","","","","NA"
"-79.22","43.25","PORT WELLER (AUT)","6136699","2017-08-22 23:00","2017","08","22","23:00","21.3","","19.6","","90","","3.6","","24","","3","","","","99.55","","29","","","","NA"
"-79.22","43.25","PORT WELLER (AUT)","6136699","2017-08-23 00:00","2017","08","23","00:00","21.0","","19.1","","89","","0.0","","27","","24","","","","99.68","","28","","","","NA"
"-79.22","43.25","PORT WELLER (AUT)","6136699","2017-08-23 01:00","2017","08","23","01:00","20.7","","16.8","","78","","0.0","","29","","41","","","","99.80","","26","","","","NA"
"-79.22","43.25","PORT WELLER (AUT)","6136699","2017-08-23 02:00","2017","08","23","02:00","20.1","","15.8","","76","","0.0","","29","","34","","","","99.88","","25","","","","NA"
"-79.22","43.25","PORT WELLER (AUT)","6136699","2017-08-23 03:00","2017","08","23","03:00","19.7","","15.4","","76","","0.0","","28","","30","","","","99.90","","","","","","NA"
"-79.22","43.25","PORT WELLER (AUT)","6136699","2017-08-23 04:00","2017","08","23","04:00","19.1","","14.6","","75","","0.0","","28","","30","","","","99.93","","","","","","NA"
"-79.22","43.25","PORT WELLER (AUT)","6136699","2017-08-23 05:00","2017","08","23","05:00","19.1","","15.4","","79","","0.0","","26","","14","","","","99.97","","","","","","NA"
"-79.22","43.25","PORT WELLER (AUT)","6136699","2017-08-23 06:00","2017","08","23","06:00","18.2","","14.1","","77","","0.0","","23","","4","","","","99.99","","","","","","NA"
"-79.22","43.25","PORT WELLER (AUT)","6136699","2017-08-23 07:00","2017","08","23","07:00","17.9","","14.5","","81","","0.0","","23","","4","","","","100.03","","","","","","NA"
"-79.22","43.25","PORT WELLER (AUT)","6136699","2017-08-23 08:00","2017","08","23","08:00","18.5","","14.4","","77","","0.0","","25","","7","","","","100.02","","","","","","NA"
"-79.22","43.25","PORT WELLER (AUT)","6136699","2017-08-23 09:00","2017","08","23","09:00","18.0","","14.2","","79","","0.0","","25","","5","","","","100.05","","","","","","NA"
"-79.22","43.25","PORT WELLER (AUT)","6136699","2017-08-23 10:00","2017","08","23","10:00","17.5","","13.8","","79","","0.0","","25","","3","","","","100.09","","","","","","NA"
"-79.22","43.25","PORT WELLER (AUT)","6136699","2017-08-23 11:00","2017","08","23","11:00","17.1","","13.5","","79","","0.0","","","","0","","","","100.14","","","","","","NA"
"-79.22","43.25","PORT WELLER (AUT)","6136699","2017-08-23 12:00","2017","08","23","12:00","18.4","","13.3","","72","","0.0","","","","0","","","","100.15","","","","","","NA"
"-79.22","43.25","PORT WELLER (AUT)","6136699","2017-08-23 13:00","2017","08","23","13:00","19.6","","13.4","","67","","0.0","","25","","3","","","","100.16","","","","","","NA"
"-79.22","43.25","PORT WELLER (AUT)","6136699","2017-08-23 14:00","2017","08","23","14:00","21.0","","14.0","","64","","0.0","","","","0","","","","100.18","","","","","","NA"
"-79.22","43.25","PORT WELLER (AUT)","6136699","2017-08-23 15:00","2017","08","23","15:00","22.1","","14.2","","61","","0.0","","25","","9","","","","100.17","","26","","","","NA"
"-79.22","43.25","PORT WELLER (AUT)","6136699","2017-08-23 16:00","2017","08","23","16:00","23.1","","13.9","","56","","0.0","","26","","15","","","","100.17","","26","","","","NA"
"-79.22","43.25","PORT WELLER (AUT)","6136699","2017-08-23 17:00","2017","08","23","17:00","23.6","","14.4","","56","","0.0","","25","","11","","","","100.14","","27","","","","NA"
"-79.22","43.25","PORT WELLER (AUT)","6136699","2017-08-23 18:00","2017","08","23","18:00","23.7","","14.5","","56","","0.0","","26","","19","","","","100.15","","27","","","","NA"
"-79.22","43.25","PORT WELLER (AUT)","6136699","2017-08-23 19:00","2017","08","23","19:00","20.2","","15.4","","74","","0.0","","29","","24","","","","100.16","","","","","","NA"
"-79.22","43.25","PORT WELLER (AUT)","6136699","2017-08-23 20:00","2017","08","23","20:00","23.0","","14.3","","58","","0.0","","27","","29","","","","100.18","","27","","","","NA"
"-79.22","43.25","PORT WELLER (AUT)","6136699","2017-08-23 21:00","2017","08","23","21:00","22.4","","15.1","","63","","0.0","","26","","19","","","","100.19","","26","","","","NA"
"-79.22","43.25","PORT WELLER (AUT)","6136699","2017-08-23 22:00","2017","08","23","22:00","22.4","","14.4","","61","","0.0","","28","","27","","","","100.21","","26","","","","NA"
"-79.22","43.25","PORT WELLER (AUT)","6136699","2017-08-23 23:00","2017","08","23","23:00","20.6","","14.4","","68","","0.0","","29","","29","","","","100.25","","","","","","NA"
"-79.22","43.25","PORT WELLER (AUT)","6136699","2017-08-24 00:00","2017","08","24","00:00","19.8","","13.6","","67","","0.0","","30","","30","","","","100.31","","","","","","NA"
"-79.22","43.25","PORT WELLER (AUT)","6136699","2017-08-24 01:00","2017","08","24","01:00","19.4","","12.7","","65","","0.0","","30","","29","","","","100.35","","","","","","NA"
"-79.22","43.25","PORT WELLER (AUT)","6136699","2017-08-24 02:00","2017","08","24","02:00","18.8","","12.1","","65","","0.0","","31","","30","","","","100.39","","","","","","NA"
"-79.22","43.25","PORT WELLER (AUT)","6136699","2017-08-24 03:00","2017","08","24","03:00","18.4","","13.1","","71","","0.0","","30","","30","","","","100.41","","","","","","NA"
"-79.22","43.25","PORT WELLER (AUT)","6136699","2017-08-24 04:00","2017","08","24","04:00","17.9","","13.0","","73","","0.0","","29","","28","","","","100.46","","","","","","NA"
"-79.22","43.25","PORT WELLER (AUT)","6136699","2017-08-24 05:00","2017","08","24","05:00","17.5","","12.6","","73","","0.0","","28","","31","","","","100.48","","","","","","NA"
"-79.22","43.25","PORT WELLER (AUT)","6136699","2017-08-24 06:00","2017","08","24","06:00","17.2","","12.8","","75","","0.0","","29","","29","","","","100.49","","","","","","NA"
"-79.22","43.25","PORT WELLER (AUT)","6136699","2017-08-24 07:00","2017","08","24","07:00","16.8","","12.9","","78","","0.0","","28","","28","","","","100.50","","","","","","NA"
"-79.22","43.25","PORT WELLER (AUT)","6136699","2017-08-24 08:00","2017","08","24","08:00","16.4","","13.0","","80","","0.0","","28","","27","","","","100.53","","","","","","NA"
"-79.22","43.25","PORT WELLER (AUT)","6136699","2017-08-24 09:00","2017","08","24","09:00","16.3","","13.1","","81","","0.0","","29","","26","","","","100.55","","","","","","NA"
"-79.22","43.25","PORT WELLER (AUT)","6136699","2017-08-24 10:00","2017","08","24","10:00","16.1","","13.0","","82","","0.0","","29","","23","","","","100.57","","","","","","NA"
"-79.22","43.25","PORT WELLER (AUT)","6136699","2017-08-24 11:00","2017","08","24","11:00","16.1","","12.7","","81","","0.0","","29","","22","","","","100.62","","","","","","NA"
"-79.22","43.25","PORT WELLER (AUT)","6136699","2017-08-24 12:00","2017","08","24","12:00","17.3","","13.2","","77","","0.0","","30","","19","","","","100.66","","","","","","NA"
"-79.22","43.25","PORT WELLER (AUT)","6136699","2017-08-24 13:00","2017","08","24","13:00","17.9","","13.0","","73","","0.0","","30","","22","","","","100.71","","","","","","NA"
"-79.22","43.25","PORT WELLER (AUT)","6136699","2017-08-24 14:00","2017","08","24","14:00","18.9","","13.4","","70","","0.0","","31","","18","","","","100.74","","","","","","NA"
"-79.22","43.25","PORT WELLER (AUT)","6136699","2017-08-24 15:00","2017","08","24","15:00","18.8","","11.6","","63","","0.0","","32","","8","","","","100.77","","","","","","NA"
"-79.22","43.25","PORT WELLER (AUT)","6136699","2017-08-24 16:00","2017","08","24","16:00","20.2","","12.6","","62","","0.0","","31","","11","","","","100.79","","","","","","NA"
"-79.22","43.25","PORT WELLER (AUT)","6136699","2017-08-24 17:00","2017","08","24","17:00","20.3","","12.1","","59","","0.0","","31","","10","","","","100.76","","","","","","NA"
"-79.22","43.25","PORT WELLER (AUT)","6136699","2017-08-24 18:00","2017","08","24","18:00","19.6","","10.7","","56","","0.0","","","","0","","","","100.77","","","","","","NA"
"-79.22","43.25","PORT WELLER (AUT)","6136699","2017-08-24 19:00","2017","08","24","19:00","20.8","","10.8","","53","","0.0","","29","","3","","","","100.77","","","","","","NA"
"-79.22","43.25","PORT WELLER (AUT)","6136699","2017-08-24 20:00","2017","08","24","20:00","18.9","","10.6","","59","","0.0","","36","","5","","","","100.77","","","","","","NA"
"-79.22","43.25","PORT WELLER (AUT)","6136699","2017-08-24 21:00","2017","08","24","21:00","19.0","","11.8","","63","","0.0","","5","","6","","","","100.75","","","","","","NA"
"-79.22","43.25","PORT WELLER (AUT)","6136699","2017-08-24 22:00","2017","08","24","22:00","18.8","","11.0","","60","","0.0","","10","","6","","","","100.76","","","","","","NA"
"-79.22","43.25","PORT WELLER (AUT)","6136699","2017-08-24 23:00","2017","08","24","23:00","18.9","","11.1","","61","","0.0","","9","","6","","","","100.76","","","","","","NA"
"-79.22","43.25","PORT WELLER (AUT)","6136699","2017-08-25 00:00","2017","08","25","00:00","18.7","","10.8","","60","","0.0","","11","","4","","","","100.77","","","","","","NA"
"-79.22","43.25","PORT WELLER (AUT)","6136699","2017-08-25 01:00","2017","08","25","01:00","18.6","","10.7","","60","","0.0","","5","","6","","","","100.80","","","","","","NA"
"-79.22","43.25","PORT WELLER (AUT)","6136699","2017-08-25 02:00","2017","08","25","02:00","17.7","","11.8","","69","","0.0","","36","","8","","","","100.86","","","","","","NA"
"-79.22","43.25","PORT WELLER (AUT)","6136699","2017-08-25 03:00","2017","08","25","03:00","18.7","","11.1","","61","","0.0","","1","","15","","","","100.89","","","","","","NA"
"-79.22","43.25","PORT WELLER (AUT)","6136699","2017-08-25 04:00","2017","08","25","04:00","17.1","","12.8","","76","","0.0","","35","","22","","","","100.92","","","","","","NA"
"-79.22","43.25","PORT WELLER (AUT)","6136699","2017-08-25 05:00","2017","08","25","05:00","17.6","","12.0","","70","","0.0","","36","","23","","","","100.96","","","","","","NA"
"-79.22","43.25","PORT WELLER (AUT)","6136699","2017-08-25 06:00","2017","08","25","06:00","16.9","","12.2","","74","","0.0","","35","","23","","","","100.99","","","","","","NA"
"-79.22","43.25","PORT WELLER (AUT)","6136699","2017-08-25 07:00","2017","08","25","07:00","16.0","","12.0","","77","","0.0","","35","","24","","","","101.01","","","","","","NA"
"-79.22","43.25","PORT WELLER (AUT)","6136699","2017-08-25 08:00","2017","08","25","08:00","16.7","","11.7","","72","","0.0","","1","","21","","","","101.04","","","","","","NA"
"-79.22","43.25","PORT WELLER (AUT)","6136699","2017-08-25 09:00","2017","08","25","09:00","15.8","","12.1","","78","","0.0","","36","","17","","","","101.09","","","","","","NA"
"-79.22","43.25","PORT WELLER (AUT)","6136699","2017-08-25 10:00","2017","08","25","10:00","17.5","","11.1","","66","","0.0","","3","","11","","","","101.15","","","","","","NA"
"-79.22","43.25","PORT WELLER (AUT)","6136699","2017-08-25 11:00","2017","08","25","11:00","17.1","","12.0","","72","","0.0","","10","","7","","","","101.21","","","","","","NA"
"-79.22","43.25","PORT WELLER (AUT)","6136699","2017-08-25 12:00","2017","08","25","12:00","17.8","","11.2","","65","","0.0","","3","","11","","","","101.25","","","","","","NA"
"-79.22","43.25","PORT WELLER (AUT)","6136699","2017-08-25 13:00","2017","08","25","13:00","19.4","","10.6","","57","","0.0","","","","0","","","","101.31","","","","","","NA"
"-79.22","43.25","PORT WELLER (AUT)","6136699","2017-08-25 14:00","2017","08","25","14:00","19.2","","11.7","","62","","0.0","","35","","17","","","","101.37","","","","","","NA"
"-79.22","43.25","PORT WELLER (AUT)","6136699","2017-08-25 15:00","2017","08","25","15:00","19.2","","9.7","","54","","0.0","","35","","14","","","","101.39","","","","","","NA"
"-79.22","43.25","PORT WELLER (AUT)","6136699","2017-08-25 16:00","2017","08","25","16:00","19.3","","8.6","","50","","0.0","","35","","11","","","","101.39","","","","","","NA"
"-79.22","43.25","PORT WELLER (AUT)","6136699","2017-08-25 17:00","2017","08","25","17:00","19.5","","7.6","","46","","0.0","","35","","8","","","","101.39","","","","","","NA"
"-79.22","43.25","PORT WELLER (AUT)","6136699","2017-08-25 18:00","2017","08","25","18:00","19.5","","6.5","","43","","0.0","","2","","6","","","","101.40","","","","","","NA"
"-79.22","43.25","PORT WELLER (AUT)","6136699","2017-08-25 19:00","2017","08","25","19:00","19.9","","6.8","","43","","0.0","","8","","7","","","","101.37","","","","","","NA"
"-79.22","43.25","PORT WELLER (AUT)","6136699","2017-08-25 20:00","2017","08","25","20:00","19.8","","5.0","","38","","0.0","","9","","8","","","","101.36","","","","","","NA"
"-79.22","43.25","PORT WELLER (AUT)","6136699","2017-08-25 21:00","2017","08","25","21:00","20.4","","3.6","","33","","0.0","","7","","4","","","","101.36","","","","","","NA"
"-79.22","43.25","PORT WELLER (AUT)","6136699","2017-08-25 22:00","2017","08","25","22:00","20.6","","4.1","","34","","0.0","","","","0","","","","101.37","","","","","","NA"
"-79.22","43.25","PORT WELLER (AUT)","6136699","2017-08-25 23:00","2017","08","25","23:00","19.9","","4.7","","37","","0.0","","10","","4","","","","101.36","","","","","","NA"
"-79.22","43.25","PORT WELLER (AUT)","6136699","2017-08-26 00:00","2017","08","26","00:00","19.6","","7.6","","46","","0.0","","12","","7","","","","101.38","","","","","","NA"
"-79.22","43.25","PORT WELLER (AUT)","6136699","2017-08-26 01:00","2017","08","26","01:00","18.8","","10.2","","57","","0.0","","14","","6","","","","101.42","","","","","","NA"
"-79.22","43.25","PORT WELLER (AUT)","6136699","2017-08-26 02:00","2017","08","26","02:00","18.0","","10.1","","60","","0.0","","15","","8","","","","101.48","","","","","","NA"
"-79.22","43.25","PORT WELLER (AUT)","6136699","2017-08-26 03:00","2017","08","26","03:00","16.7","","8.9","","60","","0.0","","21","","7","","","","101.52","","","","","","NA"
"-79.22","43.25","PORT WELLER (AUT)","6136699","2017-08-26 04:00","2017","08","26","04:00","16.3","","10.0","","66","","0.0","","15","","5","","","","101.53","","","","","","NA"
"-79.22","43.25","PORT WELLER (AUT)","6136699","2017-08-26 05:00","2017","08","26","05:00","18.7","","9.6","","56","","0.0","","2","","12","","","","101.55","","","","","","NA"
"-79.22","43.25","PORT WELLER (AUT)","6136699","2017-08-26 06:00","2017","08","26","06:00","17.4","","9.9","","61","","0.0","","1","","14","","","","101.54","","","","","","NA"
"-79.22","43.25","PORT WELLER (AUT)","6136699","2017-08-26 07:00","2017","08","26","07:00","17.8","","9.1","","57","","0.0","","2","","13","","","","101.53","","","","","","NA"
"-79.22","43.25","PORT WELLER (AUT)","6136699","2017-08-26 08:00","2017","08","26","08:00","16.7","","11.6","","72","","0.0","","12","","6","","","","101.55","","","","","","NA"
"-79.22","43.25","PORT WELLER (AUT)","6136699","2017-08-26 09:00","2017","08","26","09:00","14.4","","10.3","","76","","0.0","","20","","5","","","","101.58","","","","","","NA"
"-79.22","43.25","PORT WELLER (AUT)","6136699","2017-08-26 10:00","2017","08","26","10:00","14.7","","11.3","","80","","0.0","","18","","5","","","","101.60","","","","","","NA"
"-79.22","43.25","PORT WELLER (AUT)","6136699","2017-08-26 11:00","2017","08","26","11:00","14.9","","12.3","","85","","0.0","","17","","6","","","","101.64","","","","","","NA"
"-79.22","43.25","PORT WELLER (AUT)","6136699","2017-08-26 12:00","2017","08","26","12:00","16.1","","11.2","","73","","0.0","","21","","3","","","","101.67","","","","","","NA"
"-79.22","43.25","PORT WELLER (AUT)","6136699","2017-08-26 13:00","2017","08","26","13:00","17.9","","10.9","","64","","0.0","","18","","3","","","","101.70","","","","","","NA"
"-79.22","43.25","PORT WELLER (AUT)","6136699","2017-08-26 14:00","2017","08","26","14:00","18.6","","11.4","","63","","0.0","","21","","3","","","","101.73","","","","","","NA"
"-79.22","43.25","PORT WELLER (AUT)","6136699","2017-08-26 15:00","2017","08","26","15:00","19.6","","13.1","","66","","0.0","","35","","4","","","","101.73","","","","","","NA"
"-79.22","43.25","PORT WELLER (AUT)","6136699","2017-08-26 16:00","2017","08","26","16:00","19.6","","12.5","","64","","0.0","","2","","5","","","","101.71","","","","","","NA"
"-79.22","43.25","PORT WELLER (AUT)","6136699","2017-08-26 17:00","2017","08","26","17:00","20.1","","12.3","","61","","0.0","","35","","10","","","","101.70","","","","","","NA"
"-79.22","43.25","PORT WELLER (AUT)","6136699","2017-08-26 18:00","2017","08","26","18:00","20.1","","10.4","","54","","0.0","","35","","10","","","","101.68","","","","","","NA"
"-79.22","43.25","PORT WELLER (AUT)","6136699","2017-08-26 19:00","2017","08","26","19:00","20.9","","8.5","","45","","0.0","","3","","8","","","","101.63","","","","","","NA"
"-79.22","43.25","PORT WELLER (AUT)","6136699","2017-08-26 20:00","2017","08","26","20:00","20.8","","8.6","","45","","0.0","","6","","10","","","","101.58","","","","","","NA"
"-79.22","43.25","PORT WELLER (AUT)","6136699","2017-08-26 21:00","2017","08","26","21:00","20.7","","8.0","","44","","0.0","","7","","8","","","","101.54","","","","","","NA"
"-79.22","43.25","PORT WELLER (AUT)","6136699","2017-08-26 22:00","2017","08","26","22:00","20.4","","9.2","","48","","0.0","","8","","9","","","","101.54","","","","","","NA"
"-79.22","43.25","PORT WELLER (AUT)","6136699","2017-08-26 23:00","2017","08","26","23:00","20.0","","7.9","","45","","0.0","","7","","6","","","","101.55","","","","","","NA"
"-79.22","43.25","PORT WELLER (AUT)","6136699","2017-08-27 00:00","2017","08","27","00:00","19.8","","8.1","","47","","0.0","","6","","8","","","","101.56","","","","","","NA"
"-79.22","43.25","PORT WELLER (AUT)","6136699","2017-08-27 01:00","2017","08","27","01:00","19.5","","9.5","","53","","0.0","","10","","6","","","","101.59","","","","","","NA"
"-79.22","43.25","PORT WELLER (AUT)","6136699","2017-08-27 02:00","2017","08","27","02:00","18.0","","11.3","","65","","0.0","","13","","8","","","","101.60","","","","","","NA"
"-79.22","43.25","PORT WELLER (AUT)","6136699","2017-08-27 03:00","2017","08","27","03:00","17.6","","11.0","","65","","0.0","","11","","8","","","","101.58","","","","","","NA"
"-79.22","43.25","PORT WELLER (AUT)","6136699","2017-08-27 04:00","2017","08","27","04:00","16.1","","11.1","","72","","0.0","","14","","8","","","","101.58","","","","","","NA"
"-79.22","43.25","PORT WELLER (AUT)","6136699","2017-08-27 05:00","2017","08","27","05:00","15.9","","11.1","","73","","0.0","","15","","8","","","","101.61","","","","","","NA"
"-79.22","43.25","PORT WELLER (AUT)","6136699","2017-08-27 06:00","2017","08","27","06:00","15.9","","11.3","","74","","0.0","","15","","8","","","","101.58","","","","","","NA"
"-79.22","43.25","PORT WELLER (AUT)","6136699","2017-08-27 07:00","2017","08","27","07:00","14.5","","10.4","","77","","0.0","","19","","6","","","","101.58","","","","","","NA"
"-79.22","43.25","PORT WELLER (AUT)","6136699","2017-08-27 08:00","2017","08","27","08:00","15.6","","11.5","","77","","0.0","","14","","9","","","","101.55","","","","","","NA"
"-79.22","43.25","PORT WELLER (AUT)","6136699","2017-08-27 09:00","2017","08","27","09:00","15.5","","11.3","","76","","0.0","","14","","8","","","","101.54","","","","","","NA"
"-79.22","43.25","PORT WELLER (AUT)","6136699","2017-08-27 10:00","2017","08","27","10:00","15.4","","12.0","","80","","0.0","","13","","8","","","","101.55","","","","","","NA"
"-79.22","43.25","PORT WELLER (AUT)","6136699","2017-08-27 11:00","2017","08","27","11:00","16.2","","12.1","","76","","0.0","","11","","8","","","","101.57","","","","","","NA"
"-79.22","43.25","PORT WELLER (AUT)","6136699","2017-08-27 12:00","2017","08","27","12:00","16.4","","11.5","","73","","0.0","","11","","8","","","","101.58","","","","","","NA"
"-79.22","43.25","PORT WELLER (AUT)","6136699","2017-08-27 13:00","2017","08","27","13:00","16.8","","11.9","","73","","0.0","","10","","9","","","","101.56","","","","","","NA"
"-79.22","43.25","PORT WELLER (AUT)","6136699","2017-08-27 14:00","2017","08","27","14:00","18.6","","12.3","","67","","0.0","","7","","8","","","","101.57","","","","","","NA"
"-79.22","43.25","PORT WELLER (AUT)","6136699","2017-08-27 15:00","2017","08","27","15:00","19.8","","13.3","","66","","0.0","","5","","13","","","","101.55","","","","","","NA"
"-79.22","43.25","PORT WELLER (AUT)","6136699","2017-08-27 16:00","2017","08","27","16:00","21.6","","11.3","","52","","0.0","","8","","16","","","","101.51","","","","","","NA"
"-79.22","43.25","PORT WELLER (AUT)","6136699","2017-08-27 17:00","2017","08","27","17:00","22.0","","11.7","","52","","0.0","","6","","19","","","","101.47","","","","","","NA"
"-79.22","43.25","PORT WELLER (AUT)","6136699","2017-08-27 18:00","2017","08","27","18:00","21.7","","12.2","","55","","0.0","","5","","29","","","","101.43","","","","","","NA"
"-79.22","43.25","PORT WELLER (AUT)","6136699","2017-08-27 19:00","2017","08","27","19:00","21.0","","13.5","","62","","0.0","","6","","34","","","","101.39","","","","","","NA"
"-79.22","43.25","PORT WELLER (AUT)","6136699","2017-08-27 20:00","2017","08","27","20:00","20.9","","12.9","","60","","0.0","","6","","37","","","","101.33","","","","","","NA"
"-79.22","43.25","PORT WELLER (AUT)","6136699","2017-08-27 21:00","2017","08","27","21:00","20.5","","13.1","","62","","0.0","","7","","38","","","","101.27","","","","","","NA"
"-79.22","43.25","PORT WELLER (AUT)","6136699","2017-08-27 22:00","2017","08","27","22:00","20.3","","13.7","","66","","0.0","","7","","36","","","","101.28","","","","","","NA"
"-79.22","43.25","PORT WELLER (AUT)","6136699","2017-08-27 23:00","2017","08","27","23:00","19.9","","13.6","","67","","0.0","","7","","30","","","","101.27","","","","","","NA"
"-79.22","43.25","PORT WELLER (AUT)","6136699","2017-08-28 00:00","2017","08","28","00:00","19.9","","12.6","","63","","0.0","","8","","24","","","","101.27","","","","","","NA"
"-79.22","43.25","PORT WELLER (AUT)","6136699","2017-08-28 01:00","2017","08","28","01:00","19.1","","12.5","","66","","0.0","","9","","21","","","","101.30","","","","","","NA"
"-79.22","43.25","PORT WELLER (AUT)","6136699","2017-08-28 02:00","2017","08","28","02:00","18.4","","12.6","","69","","0.0","","9","","22","","","","101.27","","","","","","NA"
"-79.22","43.25","PORT WELLER (AUT)","6136699","2017-08-28 03:00","2017","08","28","03:00","18.0","","12.3","","70","","0.0","","10","","17","","","","101.28","","","","","","NA"
"-79.22","43.25","PORT WELLER (AUT)","6136699","2017-08-28 04:00","2017","08","28","04:00","17.9","","12.2","","69","","0.0","","10","","15","","","","101.27","","","","","","NA"
"-79.22","43.25","PORT WELLER (AUT)","6136699","2017-08-28 05:00","2017","08","28","05:00","17.6","","11.7","","68","","0.0","","12","","11","","","","101.27","","","","","","NA"
"-79.22","43.25","PORT WELLER (AUT)","6136699","2017-08-28 06:00","2017","08","28","06:00","17.5","","11.7","","69","","0.0","","12","","8","","","","101.24","","","","","","NA"
"-79.22","43.25","PORT WELLER (AUT)","6136699","2017-08-28 07:00","2017","08","28","07:00","17.2","","12.1","","72","","0.0","","11","","7","","","","101.21","","","","","","NA"
"-79.22","43.25","PORT WELLER (AUT)","6136699","2017-08-28 08:00","2017","08","28","08:00","16.7","","12.1","","74","","0.0","","10","","13","","","","101.19","","","","","","NA"
"-79.22","43.25","PORT WELLER (AUT)","6136699","2017-08-28 09:00","2017","08","28","09:00","16.4","","11.7","","74","","0.0","","14","","15","","","","101.20","","","","","","NA"
"-79.22","43.25","PORT WELLER (AUT)","6136699","2017-08-28 10:00","2017","08","28","10:00","16.2","","11.8","","75","","0.0","","15","","13","","","","101.24","","","","","","NA"
"-79.22","43.25","PORT WELLER (AUT)","6136699","2017-08-28 11:00","2017","08","28","11:00","15.9","","11.4","","74","","0.0","","14","","13","","","","101.29","","","","","","NA"
"-79.22","43.25","PORT WELLER (AUT)","6136699","2017-08-28 12:00","2017","08","28","12:00","16.1","","11.5","","74","","0.0","","15","","10","","","","101.31","","","","","","NA"
"-79.22","43.25","PORT WELLER (AUT)","6136699","2017-08-28 13:00","2017","08","28","13:00","17.5","","12.0","","70","","0.0","","15","","5","","","","101.34","","","","","","NA"
"-79.22","43.25","PORT WELLER (AUT)","6136699","2017-08-28 14:00","2017","08","28","14:00","19.6","","12.2","","62","","0.0","","15","","9","","","","101.34","","","","","","NA"
"-79.22","43.25","PORT WELLER (AUT)","6136699","2017-08-28 15:00","2017","08","28","15:00","20.6","","12.7","","61","","0.0","","16","","14","","","","101.33","","","","","","NA"
"-79.22","43.25","PORT WELLER (AUT)","6136699","2017-08-28 16:00","2017","08","28","16:00","21.3","","12.8","","59","","0.0","","16","","13","","","","101.31","","","","","","NA"
"-79.22","43.25","PORT WELLER (AUT)","6136699","2017-08-28 17:00","2017","08","28","17:00","21.6","","12.3","","55","","0.0","","16","","12","","","","101.28","","","","","","NA"
"-79.22","43.25","PORT WELLER (AUT)","6136699","2017-08-28 18:00","2017","08","28","18:00","22.8","","11.4","","49","","0.0","","15","","12","","","","101.25","","25","","","","NA"
"-79.22","43.25","PORT WELLER (AUT)","6136699","2017-08-28 19:00","2017","08","28","19:00","21.9","","14.5","","63","","0.0","","5","","11","","","","101.19","","26","","","","NA"
"-79.22","43.25","PORT WELLER (AUT)","6136699","2017-08-28 20:00","2017","08","28","20:00","22.8","","10.9","","47","","0.0","","11","","12","","","","101.13","","25","","","","NA"
"-79.22","43.25","PORT WELLER (AUT)","6136699","2017-08-28 21:00","2017","08","28","21:00","20.4","","11.0","","55","","0.0","","9","","11","","","","101.15","","","","","","NA"
"-79.22","43.25","PORT WELLER (AUT)","6136699","2017-08-28 22:00","2017","08","28","22:00","22.0","","10.0","","47","","0.0","","10","","12","","","","101.13","","","","","","NA"
"-79.22","43.25","PORT WELLER (AUT)","6136699","2017-08-28 23:00","2017","08","28","23:00","21.7","","10.8","","50","","0.0","","10","","12","","","","101.12","","","","","","NA"
"-79.22","43.25","PORT WELLER (AUT)","6136699","2017-08-29 00:00","2017","08","29","00:00","19.4","","12.7","","65","","0.0","","10","","12","","","","101.11","","","","","","NA"
"-79.22","43.25","PORT WELLER (AUT)","6136699","2017-08-29 01:00","2017","08","29","01:00","19.1","","12.4","","65","","0.0","","10","","13","","","","101.14","","","","","","NA"
"-79.22","43.25","PORT WELLER (AUT)","6136699","2017-08-29 02:00","2017","08","29","02:00","18.2","","11.9","","67","","0.0","","13","","10","","","","101.15","","","","","","NA"
"-79.22","43.25","PORT WELLER (AUT)","6136699","2017-08-29 03:00","2017","08","29","03:00","18.1","","12.4","","69","","0.0","","13","","8","","","","101.17","","","","","","NA"
"-79.22","43.25","PORT WELLER (AUT)","6136699","2017-08-29 04:00","2017","08","29","04:00","17.7","","12.5","","72","","0.0","","14","","8","","","","101.17","","","","","","NA"
"-79.22","43.25","PORT WELLER (AUT)","6136699","2017-08-29 05:00","2017","08","29","05:00","17.8","","12.0","","69","","0.0","","14","","9","","","","101.14","","","","","","NA"
"-79.22","43.25","PORT WELLER (AUT)","6136699","2017-08-29 06:00","2017","08","29","06:00","17.5","","11.8","","69","","0.0","","14","","9","","","","101.13","","","","","","NA"
"-79.22","43.25","PORT WELLER (AUT)","6136699","2017-08-29 07:00","2017","08","29","07:00","17.3","","11.6","","69","","0.0","","12","","8","","","","101.13","","","","","","NA"
"-79.22","43.25","PORT WELLER (AUT)","6136699","2017-08-29 08:00","2017","08","29","08:00","16.9","","11.8","","72","","0.0","","13","","9","","","","101.12","","","","","","NA"
"-79.22","43.25","PORT WELLER (AUT)","6136699","2017-08-29 09:00","2017","08","29","09:00","16.7","","11.9","","73","","0.0","","12","","7","","","","101.10","","","","","","NA"
"-79.22","43.25","PORT WELLER (AUT)","6136699","2017-08-29 10:00","2017","08","29","10:00","15.2","","12.0","","81","","0.0","","11","","8","","","","101.10","","","","","","NA"
"-79.22","43.25","PORT WELLER (AUT)","6136699","2017-08-29 11:00","2017","08","29","11:00","15.8","","12.1","","79","","0.0","","10","","9","","","","101.13","","","","","","NA"
"-79.22","43.25","PORT WELLER (AUT)","6136699","2017-08-29 12:00","2017","08","29","12:00","15.7","","12.2","","80","","0.0","","11","","7","","","","101.15","","","","","","NA"
"-79.22","43.25","PORT WELLER (AUT)","6136699","2017-08-29 13:00","2017","08","29","13:00","16.4","","12.2","","76","","0.0","","9","","8","","","","101.14","","","","","","NA"
"-79.22","43.25","PORT WELLER (AUT)","6136699","2017-08-29 14:00","2017","08","29","14:00","18.5","","12.5","","68","","0.0","","13","","6","","","","101.12","","","","","","NA"
"-79.22","43.25","PORT WELLER (AUT)","6136699","2017-08-29 15:00","2017","08","29","15:00","18.7","","13.2","","70","","0.0","","11","","4","","","","101.12","","","","","","NA"
"-79.22","43.25","PORT WELLER (AUT)","6136699","2017-08-29 16:00","2017","08","29","16:00","20.6","","11.6","","57","","0.0","","17","","9","","","","101.07","","","","","","NA"
"-79.22","43.25","PORT WELLER (AUT)","6136699","2017-08-29 17:00","2017","08","29","17:00","17.9","","12.4","","70","","0.0","","2","","14","","","","101.01","","","","","","NA"
"-79.22","43.25","PORT WELLER (AUT)","6136699","2017-08-29 18:00","2017","08","29","18:00","19.5","","13.7","","69","","0.0","","4","","19","","","","100.97","","","","","","NA"
"-79.22","43.25","PORT WELLER (AUT)","6136699","2017-08-29 19:00","2017","08","29","19:00","19.0","","13.0","","68","","0.0","","5","","21","","","","100.92","","","","","","NA"
"-79.22","43.25","PORT WELLER (AUT)","6136699","2017-08-29 20:00","2017","08","29","20:00","18.3","","13.5","","73","","0.0","","5","","19","","","","100.89","","","","","","NA"
"-79.22","43.25","PORT WELLER (AUT)","6136699","2017-08-29 21:00","2017","08","29","21:00","17.3","","13.1","","76","","0.0","","6","","22","","","","100.89","","","","","","NA"
"-79.22","43.25","PORT WELLER (AUT)","6136699","2017-08-29 22:00","2017","08","29","22:00","16.7","","12.9","","78","","0.0","","6","","20","","","","100.86","","","","","","NA"
"-79.22","43.25","PORT WELLER (AUT)","6136699","2017-08-29 23:00","2017","08","29","23:00","16.4","","13.2","","81","","0.0","","7","","18","","","","100.81","","","","","","NA"
"-79.22","43.25","PORT WELLER (AUT)","6136699","2017-08-30 00:00","2017","08","30","00:00","16.0","","12.8","","81","","0.0","","7","","15","","","","100.78","","","","","","NA"
"-79.22","43.25","PORT WELLER (AUT)","6136699","2017-08-30 01:00","2017","08","30","01:00","16.4","","13.5","","83","","0.0","","8","","10","","","","100.77","","","","","","NA"
"-79.22","43.25","PORT WELLER (AUT)","6136699","2017-08-30 02:00","2017","08","30","02:00","16.7","","13.6","","82","","0.0","","12","","4","","","","100.76","","","","","","NA"
"-79.22","43.25","PORT WELLER (AUT)","6136699","2017-08-30 03:00","2017","08","30","03:00","17.3","","12.4","","73","","0.0","","9","","3","","","","100.71","","","","","","NA"
"-79.22","43.25","PORT WELLER (AUT)","6136699","2017-08-30 04:00","2017","08","30","04:00","16.0","","12.5","","80","","0.0","","16","","3","","","","100.69","","","","","","NA"
"-79.22","43.25","PORT WELLER (AUT)","6136699","2017-08-30 05:00","2017","08","30","05:00","15.8","","14.1","","90","","0.0","","","","0","","","","100.67","","","","","","NA"
"-79.22","43.25","PORT WELLER (AUT)","6136699","2017-08-30 06:00","2017","08","30","06:00","15.2","","13.5","","90","","0.0","","22","","6","","","","100.66","","","","","","NA"
"-79.22","43.25","PORT WELLER (AUT)","6136699","2017-08-30 07:00","2017","08","30","07:00","15.2","","13.6","","90","","0.0","","22","","6","","","","100.64","","","","","","NA"
"-79.22","43.25","PORT WELLER (AUT)","6136699","2017-08-30 08:00","2017","08","30","08:00","15.1","","13.9","","92","","0.0","","22","","4","","","","100.62","","","","","","NA"
"-79.22","43.25","PORT WELLER (AUT)","6136699","2017-08-30 09:00","2017","08","30","09:00","14.9","","13.7","","93","","0.0","","21","","5","","","","100.61","","","","","","NA"
"-79.22","43.25","PORT WELLER (AUT)","6136699","2017-08-30 10:00","2017","08","30","10:00","15.3","","14.2","","93","","0.0","","23","","4","","","","100.60","","","","","","NA"
"-79.22","43.25","PORT WELLER (AUT)","6136699","2017-08-30 11:00","2017","08","30","11:00","14.8","","13.6","","93","","0.0","","","","0","","","","100.65","","","","","","NA"
"-79.22","43.25","PORT WELLER (AUT)","6136699","2017-08-30 12:00","2017","08","30","12:00","17.0","","15.3","","90","","0.0","","27","","4","","","","100.71","","","","","","NA"
"-79.22","43.25","PORT WELLER (AUT)","6136699","2017-08-30 13:00","2017","08","30","13:00","18.6","","15.3","","82","","0.0","","27","","9","","","","100.73","","","","","","NA"
"-79.22","43.25","PORT WELLER (AUT)","6136699","2017-08-30 14:00","2017","08","30","14:00","19.0","","15.0","","78","","0.0","","27","","7","","","","100.71","","","","","","NA"
"-79.22","43.25","PORT WELLER (AUT)","6136699","2017-08-30 15:00","2017","08","30","15:00","20.3","","15.6","","74","","0.0","","27","","8","","","","100.70","","25","","","","NA"
"-79.22","43.25","PORT WELLER (AUT)","6136699","2017-08-30 16:00","2017","08","30","16:00","20.3","","14.8","","71","","0.0","","29","","5","","","","100.70","","","","","","NA"
"-79.22","43.25","PORT WELLER (AUT)","6136699","2017-08-30 17:00","2017","08","30","17:00","20.9","","14.2","","65","","0.0","","28","","3","","","","100.67","","","","","","NA"
"-79.22","43.25","PORT WELLER (AUT)","6136699","2017-08-30 18:00","2017","08","30","18:00","20.6","","15.7","","74","","0.0","","4","","7","","","","100.61","","25","","","","NA"
"-79.22","43.25","PORT WELLER (AUT)","6136699","2017-08-30 19:00","2017","08","30","19:00","20.2","","14.7","","71","","0.0","","8","","9","","","","100.56","","","","","","NA"
"-79.22","43.25","PORT WELLER (AUT)","6136699","2017-08-30 20:00","2017","08","30","20:00","21.0","","15.5","","70","","0.0","","6","","10","","","","100.50","","25","","","","NA"
"-79.22","43.25","PORT WELLER (AUT)","6136699","2017-08-30 21:00","2017","08","30","21:00","20.9","","15.7","","72","","0.0","","7","","11","","","","100.46","","25","","","","NA"
"-79.22","43.25","PORT WELLER (AUT)","6136699","2017-08-30 22:00","2017","08","30","22:00","23.7","","16.0","","62","","0.0","","21","","9","","","","100.43","","28","","","","NA"
"-79.22","43.25","PORT WELLER (AUT)","6136699","2017-08-30 23:00","2017","08","30","23:00","22.3","","16.7","","71","","0.0","","20","","10","","","","100.41","","27","","","","NA"
"-79.22","43.25","PORT WELLER (AUT)","6136699","2017-08-31 00:00","2017","08","31","00:00","21.6","","16.5","","73","","0.0","","20","","11","","","","100.40","","27","","","","NA"
"-79.22","43.25","PORT WELLER (AUT)","6136699","2017-08-31 01:00","2017","08","31","01:00","20.6","","16.6","","78","","0.0","","21","","10","","","","100.40","","26","","","","NA"
"-79.22","43.25","PORT WELLER (AUT)","6136699","2017-08-31 02:00","2017","08","31","02:00","20.0","","16.6","","81","","0.0","","","","0","","","","100.42","","25","","","","NA"
"-79.22","43.25","PORT WELLER (AUT)","6136699","2017-08-31 03:00","2017","08","31","03:00","19.0","","16.5","","85","","0.0","","","","0","","","","100.43","","","","","","NA"
"-79.22","43.25","PORT WELLER (AUT)","6136699","2017-08-31 04:00","2017","08","31","04:00","18.7","","16.4","","87","","0.0","","","","0","","","","100.44","","","","","","NA"
"-79.22","43.25","PORT WELLER (AUT)","6136699","2017-08-31 05:00","2017","08","31","05:00","18.0","","16.3","","90","","0.0","","","","0","","","","100.46","","","","","","NA"
"-79.22","43.25","PORT WELLER (AUT)","6136699","2017-08-31 06:00","2017","08","31","06:00","18.1","","16.3","","89","","0.0","","27","","15","","","","100.46","","","","","","NA"
"-79.22","43.25","PORT WELLER (AUT)","6136699","2017-08-31 07:00","2017","08","31","07:00","18.7","","16.2","","86","","0.0","","29","","17","","","","100.46","","","","","","NA"
"-79.22","43.25","PORT WELLER (AUT)","6136699","2017-08-31 08:00","2017","08","31","08:00","18.2","","16.2","","88","","0.0","","32","","20","","","","100.51","","","","","","NA"
"-79.22","43.25","PORT WELLER (AUT)","6136699","2017-08-31 09:00","2017","08","31","09:00","18.0","","16.6","","92","","0.0","","32","","22","","","","100.50","","","","","","NA"
"-79.22","43.25","PORT WELLER (AUT)","6136699","2017-08-31 10:00","2017","08","31","10:00","17.4","","14.5","","83","","0.0","","36","","26","","","","100.57","","","","","","NA"
"-79.22","43.25","PORT WELLER (AUT)","6136699","2017-08-31 11:00","2017","08","31","11:00","17.1","","13.9","","81","","0.0","","1","","26","","","","100.69","","","","","","NA"
"-79.22","43.25","PORT WELLER (AUT)","6136699","2017-08-31 12:00","2017","08","31","12:00","17.0","","13.7","","81","","0.0","","1","","24","","","","100.78","","","","","","NA"
"-79.22","43.25","PORT WELLER (AUT)","6136699","2017-08-31 13:00","2017","08","31","13:00","16.9","","13.4","","80","","0.0","","36","","29","","","","100.86","","","","","","NA"
"-79.22","43.25","PORT WELLER (AUT)","6136699","2017-08-31 14:00","2017","08","31","14:00","17.4","","12.7","","74","","0.0","","1","","24","","","","100.91","","","","","","NA"
"-79.22","43.25","PORT WELLER (AUT)","6136699","2017-08-31 15:00","2017","08","31","15:00","17.8","","12.4","","71","","0.0","","36","","26","","","","100.96","","","","","","NA"
"-79.22","43.25","PORT WELLER (AUT)","6136699","2017-08-31 16:00","2017","08","31","16:00","18.3","","10.8","","62","","0.0","","36","","23","","","","100.98","","","","","","NA"
"-79.22","43.25","PORT WELLER (AUT)","6136699","2017-08-31 17:00","2017","08","31","17:00","19.5","","11.0","","58","","0.0","","35","","23","","","","100.97","","","","","","NA"
"-79.22","43.25","PORT WELLER (AUT)","6136699","2017-08-31 18:00","2017","08","31","18:00","18.4","","10.8","","61","","0.0","","36","","15","","","","101.01","","","","","","NA"
"-79.22","43.25","PORT WELLER (AUT)","6136699","2017-08-31 19:00","2017","08","31","19:00","18.5","","7.7","","49","","0.0","","1","","12","","","","100.99","","","","","","NA"
"-79.22","43.25","PORT WELLER (AUT)","6136699","2017-08-31 20:00","2017","08","31","20:00","20.1","","8.2","","46","","0.0","","33","","12","","","","100.98","","","","","","NA"
"-79.22","43.25","PORT WELLER (AUT)","6136699","2017-08-31 21:00","2017","08","31","21:00","20.6","","9.9","","50","","0.0","","32","","24","","","","100.96","","","","","","NA"
"-79.22","43.25","PORT WELLER (AUT)","6136699","2017-08-31 22:00","2017","08","31","22:00","19.2","","9.4","","53","","0.0","","33","","35","","","","100.98","","","","","","NA"
"-79.22","43.25","PORT WELLER (AUT)","6136699","2017-08-31 23:00","2017","08","31","23:00","16.9","","9.2","","61","","0.0","","34","","39","","","","101.00","","","","","","NA"
